experiment_id,planner,phase,grid_width,grid_height,density,update_mode,map_id,seed,repetition,warmup,status,success,path_cost,expanded_nodes,elapsed_us,free_heap_before,free_heap_after,since_boot_minimum_free_heap_before,since_boot_minimum_free_heap_after,failed_alloc_bytes,failure_stage,failure_reason,update_x,update_y,psram_enabled,cpu_frequency_mhz,esp_idf_version,firmware_git_commit
esp32_20260808T132635Z_AStar_initial_50x50_density10_i0,AStar,initial,50,50,10,none,esp32_initial_50x50_density10_i0,4410,0,0,OK,1,704,263,39983,289428,289000,249500,249500,0,none,none,-1,-1,0,160,v5.2.2,unavailable
esp32_20260808T132635Z_AStar_initial_50x50_density10_i0,AStar,initial,50,50,10,none,esp32_initial_50x50_density10_i0,4410,1,0,OK,1,704,263,40077,289428,289000,249500,249500,0,none,none,-1,-1,0,160,v5.2.2,unavailable
esp32_20260808T132635Z_AStar_initial_50x50_density10_i0,AStar,initial,50,50,10,none,esp32_initial_50x50_density10_i0,4410,2,0,OK,1,704,263,40084,289428,289000,249500,249500,0,none,none,-1,-1,0,160,v5.2.2,unavailable
esp32_20260808T132635Z_AStar_initial_50x50_density10_i0,AStar,initial,50,50,10,none,esp32_initial_50x50_density10_i1,4411,0,0,OK,1,704,290,44248,289428,289000,243444,243444,0,none,none,-1,-1,0,160,v5.2.2,unavailable
esp32_20260808T132635Z_AStar_initial_50x50_density10_i0,AStar,initial,50,50,10,none,esp32_initial_50x50_density10_i1,4411,1,0,OK,1,704,290,44349,289428,289000,243444,243444,0,none,none,-1,-1,0,160,v5.2.2,unavailable
esp32_20260808T132635Z_AStar_initial_50x50_density10_i0,AStar,initial,50,50,10,none,esp32_initial_50x50_density10_i1,4411,2,0,OK,1,704,290,44335,289428,289000,243444,243444,0,none,none,-1,-1,0,160,v5.2.2,unavailable
esp32_20260808T132635Z_AStar_initial_50x50_density10_i0,AStar,initial,50,50,10,none,esp32_initial_50x50_density10_i2,4412,0,0,OK,1,710,299,45814,289428,288992,240708,240708,0,none,none,-1,-1,0,160,v5.2.2,unavailable
esp32_20260808T132635Z_AStar_initial_50x50_density10_i0,AStar,initial,50,50,10,none,esp32_initial_50x50_density10_i2,4412,1,0,OK,1,710,299,45910,289428,288992,240708,240708,0,none,none,-1,-1,0,160,v5.2.2,unavailable
esp32_20260808T132635Z_AStar_initial_50x50_density10_i0,AStar,initial,50,50,10,none,esp32_initial_50x50_density10_i2,4412,2,0,OK,1,710,299,45914,289428,288992,240708,240708,0,none,none,-1,-1,0,160,v5.2.2,unavailable
esp32_20260808T132635Z_AStar_initial_50x50_density10_i0,AStar,initial,50,50,10,none,esp32_initial_50x50_density10_i3,4413,0,0,OK,1,704,208,34128,289428,289000,240708,240708,0,none,none,-1,-1,0,160,v5.2.2,unavailable
esp32_20260808T132635Z_AStar_initial_50x50_density10_i0,AStar,initial,50,50,10,none,esp32_initial_50x50_density10_i3,4413,1,0,OK,1,704,208,34231,289428,289000,240708,240708,0,none,none,-1,-1,0,160,v5.2.2,unavailable
esp32_20260808T132635Z_AStar_initial_50x50_density10_i0,AStar,initial,50,50,10,none,esp32_initial_50x50_density10_i3,4413,2,0,OK,1,704,208,34220,289428,289000,240708,240708,0,none,none,-1,-1,0,160,v5.2.2,unavailable
esp32_20260808T132635Z_AStar_initial_50x50_density10_i0,AStar,initial,50,50,10,none,esp32_initial_50x50_density10_i4,4414,0,0,OK,1,710,249,38276,289428,288992,240708,240708,0,none,none,-1,-1,0,160,v5.2.2,unavailable
esp32_20260808T132635Z_AStar_initial_50x50_density10_i0,AStar,initial,50,50,10,none,esp32_initial_50x50_density10_i4,4414,1,0,OK,1,710,249,38369,289428,288992,240708,240708,0,none,none,-1,-1,0,160,v5.2.2,unavailable
esp32_20260808T132635Z_AStar_initial_50x50_density10_i0,AStar,initial,50,50,10,none,esp32_initial_50x50_density10_i4,4414,2,0,OK,1,710,249,38373,289428,288992,240708,240708,0,none,none,-1,-1,0,160,v5.2.2,unavailable
esp32_20260808T132635Z_AStar_initial_50x50_density10_i0,AStar,initial,50,50,10,none,esp32_initial_50x50_density10_i5,4415,0,0,OK,1,698,173,29188,289428,289008,240708,240708,0,none,none,-1,-1,0,160,v5.2.2,unavailable
esp32_20260808T132635Z_AStar_initial_50x50_density10_i0,AStar,initial,50,50,10,none,esp32_initial_50x50_density10_i5,4415,1,0,OK,1,698,173,29292,289428,289008,240708,240708,0,none,none,-1,-1,0,160,v5.2.2,unavailable
esp32_20260808T132635Z_AStar_initial_50x50_density10_i0,AStar,initial,50,50,10,none,esp32_initial_50x50_density10_i5,4415,2,0,OK,1,698,173,29279,289428,289008,240708,240708,0,none,none,-1,-1,0,160,v5.2.2,unavailable
esp32_20260808T132635Z_AStar_initial_50x50_density10_i0,AStar,initial,50,50,10,none,esp32_initial_50x50_density10_i6,4416,0,0,OK,1,692,113,21664,289428,289016,240708,240708,0,none,none,-1,-1,0,160,v5.2.2,unavailable
esp32_20260808T132635Z_AStar_initial_50x50_density10_i0,AStar,initial,50,50,10,none,esp32_initial_50x50_density10_i6,4416,1,0,OK,1,692,113,21755,289428,289016,240708,240708,0,none,none,-1,-1,0,160,v5.2.2,unavailable
esp32_20260808T132635Z_AStar_initial_50x50_density10_i0,AStar,initial,50,50,10,none,esp32_initial_50x50_density10_i6,4416,2,0,OK,1,692,113,21760,289428,289016,240708,240708,0,none,none,-1,-1,0,160,v5.2.2,unavailable
esp32_20260808T132635Z_AStar_initial_50x50_density10_i0,AStar,initial,50,50,10,none,esp32_initial_50x50_density10_i7,4417,0,0,OK,1,686,50,14697,289428,289024,240708,240708,0,none,none,-1,-1,0,160,v5.2.2,unavailable
esp32_20260808T132635Z_AStar_initial_50x50_density10_i0,AStar,initial,50,50,10,none,esp32_initial_50x50_density10_i7,4417,1,0,OK,1,686,50,14800,289428,289024,240708,240708,0,none,none,-1,-1,0,160,v5.2.2,unavailable
esp32_20260808T132635Z_AStar_initial_50x50_density10_i0,AStar,initial,50,50,10,none,esp32_initial_50x50_density10_i7,4417,2,0,OK,1,686,50,14788,289428,289024,240708,240708,0,none,none,-1,-1,0,160,v5.2.2,unavailable
esp32_20260808T132635Z_AStar_initial_50x50_density10_i0,AStar,initial,50,50,10,none,esp32_initial_50x50_density10_i8,4418,0,0,OK,1,710,321,48066,289428,288992,240460,240460,0,none,none,-1,-1,0,160,v5.2.2,unavailable
esp32_20260808T132635Z_AStar_initial_50x50_density10_i0,AStar,initial,50,50,10,none,esp32_initial_50x50_density10_i8,4418,1,0,OK,1,710,321,48160,289428,288992,240460,240460,0,none,none,-1,-1,0,160,v5.2.2,unavailable
esp32_20260808T132635Z_AStar_initial_50x50_density10_i0,AStar,initial,50,50,10,none,esp32_initial_50x50_density10_i8,4418,2,0,OK,1,710,321,48163,289428,288992,240460,240460,0,none,none,-1,-1,0,160,v5.2.2,unavailable
esp32_20260808T132635Z_AStar_initial_50x50_density10_i0,AStar,initial,50,50,10,none,esp32_initial_50x50_density10_i9,4419,0,0,OK,1,698,152,26548,289428,289008,240460,240460,0,none,none,-1,-1,0,160,v5.2.2,unavailable
esp32_20260808T132635Z_AStar_initial_50x50_density10_i0,AStar,initial,50,50,10,none,esp32_initial_50x50_density10_i9,4419,1,0,OK,1,698,152,26648,289428,289008,240460,240460,0,none,none,-1,-1,0,160,v5.2.2,unavailable
esp32_20260808T132635Z_AStar_initial_50x50_density10_i0,AStar,initial,50,50,10,none,esp32_initial_50x50_density10_i9,4419,2,0,OK,1,698,152,26637,289428,289008,240460,240460,0,none,none,-1,-1,0,160,v5.2.2,unavailable
esp32_20260808T132635Z_AStar_initial_100x100_density20_i0,AStar,initial,100,100,20,none,esp32_initial_100x100_density20_i0,7820,0,0,OK,1,1452,1089,153463,259428,258536,128824,128824,0,none,none,-1,-1,0,160,v5.2.2,unavailable
esp32_20260808T132635Z_AStar_initial_100x100_density20_i0,AStar,initial,100,100,20,none,esp32_initial_100x100_density20_i0,7820,1,0,OK,1,1452,1089,153565,259428,258536,128824,128824,0,none,none,-1,-1,0,160,v5.2.2,unavailable
esp32_20260808T132635Z_AStar_initial_100x100_density20_i0,AStar,initial,100,100,20,none,esp32_initial_100x100_density20_i0,7820,2,0,OK,1,1452,1089,153563,259428,258536,128824,128824,0,none,none,-1,-1,0,160,v5.2.2,unavailable
esp32_20260808T132635Z_AStar_initial_100x100_density20_i0,AStar,initial,100,100,20,none,esp32_initial_100x100_density20_i1,7821,0,0,OK,1,1464,1270,183790,259428,258520,111140,111140,0,none,none,-1,-1,0,160,v5.2.2,unavailable
esp32_20260808T132635Z_AStar_initial_100x100_density20_i0,AStar,initial,100,100,20,none,esp32_initial_100x100_density20_i1,7821,1,0,OK,1,1464,1270,183897,259428,258520,111140,111140,0,none,none,-1,-1,0,160,v5.2.2,unavailable
esp32_20260808T132635Z_AStar_initial_100x100_density20_i0,AStar,initial,100,100,20,none,esp32_initial_100x100_density20_i1,7821,2,0,OK,1,1464,1270,183885,259428,258520,111140,111140,0,none,none,-1,-1,0,160,v5.2.2,unavailable
esp32_20260808T132635Z_AStar_initial_100x100_density20_i0,AStar,initial,100,100,20,none,esp32_initial_100x100_density20_i2,7822,0,0,OK,1,1464,1431,210269,259428,258520,88876,88876,0,none,none,-1,-1,0,160,v5.2.2,unavailable
esp32_20260808T132635Z_AStar_initial_100x100_density20_i0,AStar,initial,100,100,20,none,esp32_initial_100x100_density20_i2,7822,1,0,OK,1,1464,1431,210346,259428,258520,88876,88876,0,none,none,-1,-1,0,160,v5.2.2,unavailable
esp32_20260808T132635Z_AStar_initial_100x100_density20_i0,AStar,initial,100,100,20,none,esp32_initial_100x100_density20_i2,7822,2,0,OK,1,1464,1431,210349,259428,258520,88876,88876,0,none,none,-1,-1,0,160,v5.2.2,unavailable
esp32_20260808T132635Z_AStar_initial_100x100_density20_i0,AStar,initial,100,100,20,none,esp32_initial_100x100_density20_i3,7823,0,0,OK,1,1452,1312,190634,259428,258536,88876,88876,0,none,none,-1,-1,0,160,v5.2.2,unavailable
esp32_20260808T132635Z_AStar_initial_100x100_density20_i0,AStar,initial,100,100,20,none,esp32_initial_100x100_density20_i3,7823,1,0,OK,1,1452,1312,190739,259428,258536,88876,88876,0,none,none,-1,-1,0,160,v5.2.2,unavailable
esp32_20260808T132635Z_AStar_initial_100x100_density20_i0,AStar,initial,100,100,20,none,esp32_initial_100x100_density20_i3,7823,2,0,OK,1,1452,1312,190735,259428,258536,88876,88876,0,none,none,-1,-1,0,160,v5.2.2,unavailable
esp32_20260808T132635Z_AStar_initial_100x100_density20_i0,AStar,initial,100,100,20,none,esp32_initial_100x100_density20_i4,7824,0,0,OK,1,1476,1572,238571,259428,258504,82164,82164,0,none,none,-1,-1,0,160,v5.2.2,unavailable
esp32_20260808T132635Z_AStar_initial_100x100_density20_i0,AStar,initial,100,100,20,none,esp32_initial_100x100_density20_i4,7824,1,0,OK,1,1476,1572,238667,259428,258504,82164,82164,0,none,none,-1,-1,0,160,v5.2.2,unavailable
esp32_20260808T132635Z_AStar_initial_100x100_density20_i0,AStar,initial,100,100,20,none,esp32_initial_100x100_density20_i4,7824,2,0,OK,1,1476,1572,238671,259428,258504,82164,82164,0,none,none,-1,-1,0,160,v5.2.2,unavailable
esp32_20260808T132635Z_AStar_initial_100x100_density20_i0,AStar,initial,100,100,20,none,esp32_initial_100x100_density20_i5,7825,0,0,OK,1,1446,1069,149947,259428,258544,82164,82164,0,none,none,-1,-1,0,160,v5.2.2,unavailable
esp32_20260808T132635Z_AStar_initial_100x100_density20_i0,AStar,initial,100,100,20,none,esp32_initial_100x100_density20_i5,7825,1,0,OK,1,1446,1069,150056,259428,258544,82164,82164,0,none,none,-1,-1,0,160,v5.2.2,unavailable
esp32_20260808T132635Z_AStar_initial_100x100_density20_i0,AStar,initial,100,100,20,none,esp32_initial_100x100_density20_i5,7825,2,0,OK,1,1446,1069,150046,259428,258544,82164,82164,0,none,none,-1,-1,0,160,v5.2.2,unavailable
esp32_20260808T132635Z_AStar_initial_100x100_density20_i0,AStar,initial,100,100,20,none,esp32_initial_100x100_density20_i6,7826,0,0,OK,1,1470,1461,216445,259428,258512,82164,82164,0,none,none,-1,-1,0,160,v5.2.2,unavailable
esp32_20260808T132635Z_AStar_initial_100x100_density20_i0,AStar,initial,100,100,20,none,esp32_initial_100x100_density20_i6,7826,1,0,OK,1,1470,1461,216543,259428,258512,82164,82164,0,none,none,-1,-1,0,160,v5.2.2,unavailable
esp32_20260808T132635Z_AStar_initial_100x100_density20_i0,AStar,initial,100,100,20,none,esp32_initial_100x100_density20_i6,7826,2,0,OK,1,1470,1461,216549,259428,258512,82164,82164,0,none,none,-1,-1,0,160,v5.2.2,unavailable
esp32_20260808T132635Z_AStar_initial_100x100_density20_i0,AStar,initial,100,100,20,none,esp32_initial_100x100_density20_i7,7827,0,0,OK,1,1476,1607,237985,259428,258504,73796,73796,0,none,none,-1,-1,0,160,v5.2.2,unavailable
esp32_20260808T132635Z_AStar_initial_100x100_density20_i0,AStar,initial,100,100,20,none,esp32_initial_100x100_density20_i7,7827,1,0,OK,1,1476,1607,238090,259428,258504,73796,73796,0,none,none,-1,-1,0,160,v5.2.2,unavailable
esp32_20260808T132635Z_AStar_initial_100x100_density20_i0,AStar,initial,100,100,20,none,esp32_initial_100x100_density20_i7,7827,2,0,OK,1,1476,1607,238075,259428,258504,73796,73796,0,none,none,-1,-1,0,160,v5.2.2,unavailable
esp32_20260808T132635Z_AStar_initial_100x100_density20_i0,AStar,initial,100,100,20,none,esp32_initial_100x100_density20_i8,7828,0,0,OK,1,1446,1187,172003,259428,258544,73796,73796,0,none,none,-1,-1,0,160,v5.2.2,unavailable
esp32_20260808T132635Z_AStar_initial_100x100_density20_i0,AStar,initial,100,100,20,none,esp32_initial_100x100_density20_i8,7828,1,0,OK,1,1446,1187,172097,259428,258544,73796,73796,0,none,none,-1,-1,0,160,v5.2.2,unavailable
esp32_20260808T132635Z_AStar_initial_100x100_density20_i0,AStar,initial,100,100,20,none,esp32_initial_100x100_density20_i8,7828,2,0,OK,1,1446,1187,172102,259428,258544,73796,73796,0,none,none,-1,-1,0,160,v5.2.2,unavailable
esp32_20260808T132635Z_AStar_initial_100x100_density20_i0,AStar,initial,100,100,20,none,esp32_initial_100x100_density20_i9,7829,0,0,OK,1,1452,1086,154701,259428,258536,73796,73796,0,none,none,-1,-1,0,160,v5.2.2,unavailable
esp32_20260808T132635Z_AStar_initial_100x100_density20_i0,AStar,initial,100,100,20,none,esp32_initial_100x100_density20_i9,7829,1,0,OK,1,1452,1086,154794,259428,258536,73796,73796,0,none,none,-1,-1,0,160,v5.2.2,unavailable
esp32_20260808T132635Z_AStar_initial_100x100_density20_i0,AStar,initial,100,100,20,none,esp32_initial_100x100_density20_i9,7829,2,0,OK,1,1452,1086,154786,259428,258536,73796,73796,0,none,none,-1,-1,0,160,v5.2.2,unavailable
esp32_20260808T132635Z_AStar_initial_500x500_density20_i0,AStar,initial,500,500,20,none,esp32_initial_500x500_density20_i0,27020,0,0,OOM,0,-1,-1,-1,299384,299280,299280,299280,1000000,grid_allocation,bad_alloc_heap_callback,-1,-1,0,160,v5.2.2,unavailable
esp32_20260808T132635Z_AStar_initial_500x500_density20_i0,AStar,initial,500,500,20,none,esp32_initial_500x500_density20_i0,27020,1,0,OOM,0,-1,-1,-1,299384,299280,299280,299280,1000000,grid_allocation,bad_alloc_heap_callback,-1,-1,0,160,v5.2.2,unavailable
esp32_20260808T132635Z_AStar_initial_500x500_density20_i0,AStar,initial,500,500,20,none,esp32_initial_500x500_density20_i0,27020,2,0,OOM,0,-1,-1,-1,299384,299280,299280,299280,1000000,grid_allocation,bad_alloc_heap_callback,-1,-1,0,160,v5.2.2,unavailable
esp32_20260808T132635Z_AStar_initial_500x500_density20_i0,AStar,initial,500,500,20,none,esp32_initial_500x500_density20_i1,27021,0,0,OOM,0,-1,-1,-1,299384,299280,299280,299280,1000000,grid_allocation,bad_alloc_heap_callback,-1,-1,0,160,v5.2.2,unavailable
esp32_20260808T132635Z_AStar_initial_500x500_density20_i0,AStar,initial,500,500,20,none,esp32_initial_500x500_density20_i1,27021,1,0,OOM,0,-1,-1,-1,299384,299280,299280,299280,1000000,grid_allocation,bad_alloc_heap_callback,-1,-1,0,160,v5.2.2,unavailable
esp32_20260808T132635Z_AStar_initial_500x500_density20_i0,AStar,initial,500,500,20,none,esp32_initial_500x500_density20_i1,27021,2,0,OOM,0,-1,-1,-1,299384,299280,299280,299280,1000000,grid_allocation,bad_alloc_heap_callback,-1,-1,0,160,v5.2.2,unavailable
esp32_20260808T132635Z_AStar_initial_500x500_density20_i0,AStar,initial,500,500,20,none,esp32_initial_500x500_density20_i2,27022,0,0,OOM,0,-1,-1,-1,299384,299280,299280,299280,1000000,grid_allocation,bad_alloc_heap_callback,-1,-1,0,160,v5.2.2,unavailable
esp32_20260808T132635Z_AStar_initial_500x500_density20_i0,AStar,initial,500,500,20,none,esp32_initial_500x500_density20_i2,27022,1,0,OOM,0,-1,-1,-1,299384,299280,299280,299280,1000000,grid_allocation,bad_alloc_heap_callback,-1,-1,0,160,v5.2.2,unavailable
esp32_20260808T132635Z_AStar_initial_500x500_density20_i0,AStar,initial,500,500,20,none,esp32_initial_500x500_density20_i2,27022,2,0,OOM,0,-1,-1,-1,299384,299280,299280,299280,1000000,grid_allocation,bad_alloc_heap_callback,-1,-1,0,160,v5.2.2,unavailable
esp32_20260808T132635Z_AStar_initial_500x500_density20_i0,AStar,initial,500,500,20,none,esp32_initial_500x500_density20_i3,27023,0,0,OOM,0,-1,-1,-1,299384,299280,299280,299280,1000000,grid_allocation,bad_alloc_heap_callback,-1,-1,0,160,v5.2.2,unavailable
esp32_20260808T132635Z_AStar_initial_500x500_density20_i0,AStar,initial,500,500,20,none,esp32_initial_500x500_density20_i3,27023,1,0,OOM,0,-1,-1,-1,299384,299280,299280,299280,1000000,grid_allocation,bad_alloc_heap_callback,-1,-1,0,160,v5.2.2,unavailable
esp32_20260808T132635Z_AStar_initial_500x500_density20_i0,AStar,initial,500,500,20,none,esp32_initial_500x500_density20_i3,27023,2,0,OOM,0,-1,-1,-1,299384,299280,299280,299280,1000000,grid_allocation,bad_alloc_heap_callback,-1,-1,0,160,v5.2.2,unavailable
esp32_20260808T132635Z_AStar_initial_500x500_density20_i0,AStar,initial,500,500,20,none,esp32_initial_500x500_density20_i4,27024,0,0,OOM,0,-1,-1,-1,299384,299280,299280,299280,1000000,grid_allocation,bad_alloc_heap_callback,-1,-1,0,160,v5.2.2,unavailable
esp32_20260808T132635Z_AStar_initial_500x500_density20_i0,AStar,initial,500,500,20,none,esp32_initial_500x500_density20_i4,27024,1,0,OOM,0,-1,-1,-1,299384,299280,299280,299280,1000000,grid_allocation,bad_alloc_heap_callback,-1,-1,0,160,v5.2.2,unavailable
esp32_20260808T132635Z_AStar_initial_500x500_density20_i0,AStar,initial,500,500,20,none,esp32_initial_500x500_density20_i4,27024,2,0,OOM,0,-1,-1,-1,299384,299280,299280,299280,1000000,grid_allocation,bad_alloc_heap_callback,-1,-1,0,160,v5.2.2,unavailable
esp32_20260808T132635Z_AStar_initial_500x500_density20_i0,AStar,initial,500,500,20,none,esp32_initial_500x500_density20_i5,27025,0,0,OOM,0,-1,-1,-1,299384,299280,299280,299280,1000000,grid_allocation,bad_alloc_heap_callback,-1,-1,0,160,v5.2.2,unavailable
esp32_20260808T132635Z_AStar_initial_500x500_density20_i0,AStar,initial,500,500,20,none,esp32_initial_500x500_density20_i5,27025,1,0,OOM,0,-1,-1,-1,299384,299280,299280,299280,1000000,grid_allocation,bad_alloc_heap_callback,-1,-1,0,160,v5.2.2,unavailable
esp32_20260808T132635Z_AStar_initial_500x500_density20_i0,AStar,initial,500,500,20,none,esp32_initial_500x500_density20_i5,27025,2,0,OOM,0,-1,-1,-1,299384,299280,299280,299280,1000000,grid_allocation,bad_alloc_heap_callback,-1,-1,0,160,v5.2.2,unavailable
esp32_20260808T132635Z_AStar_initial_500x500_density20_i0,AStar,initial,500,500,20,none,esp32_initial_500x500_density20_i6,27026,0,0,OOM,0,-1,-1,-1,299384,299280,299280,299280,1000000,grid_allocation,bad_alloc_heap_callback,-1,-1,0,160,v5.2.2,unavailable
esp32_20260808T132635Z_AStar_initial_500x500_density20_i0,AStar,initial,500,500,20,none,esp32_initial_500x500_density20_i6,27026,1,0,OOM,0,-1,-1,-1,299384,299280,299280,299280,1000000,grid_allocation,bad_alloc_heap_callback,-1,-1,0,160,v5.2.2,unavailable
esp32_20260808T132635Z_AStar_initial_500x500_density20_i0,AStar,initial,500,500,20,none,esp32_initial_500x500_density20_i6,27026,2,0,OOM,0,-1,-1,-1,299384,299280,299280,299280,1000000,grid_allocation,bad_alloc_heap_callback,-1,-1,0,160,v5.2.2,unavailable
esp32_20260808T132635Z_AStar_initial_500x500_density20_i0,AStar,initial,500,500,20,none,esp32_initial_500x500_density20_i7,27027,0,0,OOM,0,-1,-1,-1,299384,299280,299280,299280,1000000,grid_allocation,bad_alloc_heap_callback,-1,-1,0,160,v5.2.2,unavailable
esp32_20260808T132635Z_AStar_initial_500x500_density20_i0,AStar,initial,500,500,20,none,esp32_initial_500x500_density20_i7,27027,1,0,OOM,0,-1,-1,-1,299384,299280,299280,299280,1000000,grid_allocation,bad_alloc_heap_callback,-1,-1,0,160,v5.2.2,unavailable
esp32_20260808T132635Z_AStar_initial_500x500_density20_i0,AStar,initial,500,500,20,none,esp32_initial_500x500_density20_i7,27027,2,0,OOM,0,-1,-1,-1,299384,299280,299280,299280,1000000,grid_allocation,bad_alloc_heap_callback,-1,-1,0,160,v5.2.2,unavailable
esp32_20260808T132635Z_AStar_initial_500x500_density20_i0,AStar,initial,500,500,20,none,esp32_initial_500x500_density20_i8,27028,0,0,OOM,0,-1,-1,-1,299384,299280,299280,299280,1000000,grid_allocation,bad_alloc_heap_callback,-1,-1,0,160,v5.2.2,unavailable
esp32_20260808T132635Z_AStar_initial_500x500_density20_i0,AStar,initial,500,500,20,none,esp32_initial_500x500_density20_i8,27028,1,0,OOM,0,-1,-1,-1,299384,299280,299280,299280,1000000,grid_allocation,bad_alloc_heap_callback,-1,-1,0,160,v5.2.2,unavailable
esp32_20260808T132635Z_AStar_initial_500x500_density20_i0,AStar,initial,500,500,20,none,esp32_initial_500x500_density20_i8,27028,2,0,OOM,0,-1,-1,-1,299384,299280,299280,299280,1000000,grid_allocation,bad_alloc_heap_callback,-1,-1,0,160,v5.2.2,unavailable
esp32_20260808T132635Z_AStar_initial_500x500_density20_i0,AStar,initial,500,500,20,none,esp32_initial_500x500_density20_i9,27029,0,0,OOM,0,-1,-1,-1,299384,299280,299280,299280,1000000,grid_allocation,bad_alloc_heap_callback,-1,-1,0,160,v5.2.2,unavailable
esp32_20260808T132635Z_AStar_initial_500x500_density20_i0,AStar,initial,500,500,20,none,esp32_initial_500x500_density20_i9,27029,1,0,OOM,0,-1,-1,-1,299384,299280,299280,299280,1000000,grid_allocation,bad_alloc_heap_callback,-1,-1,0,160,v5.2.2,unavailable
esp32_20260808T132635Z_AStar_initial_500x500_density20_i0,AStar,initial,500,500,20,none,esp32_initial_500x500_density20_i9,27029,2,0,OOM,0,-1,-1,-1,299384,299280,299280,299280,1000000,grid_allocation,bad_alloc_heap_callback,-1,-1,0,160,v5.2.2,unavailable
esp32_20260808T132635Z_AStar_dynamic_50x50_density10_i0,AStar,initial,50,50,10,path_blocking,esp32_dynamic_50x50_density10_i0,4410,0,0,OK,1,704,263,39947,289428,289000,249168,249168,0,none,none,24,25,0,160,v5.2.2,unavailable
esp32_20260808T132635Z_AStar_dynamic_50x50_density10_i0,AStar,replan,50,50,10,path_blocking,esp32_dynamic_50x50_density10_i0,4410,0,0,OK,1,704,262,40118,289428,289000,249168,249168,0,none,none,24,25,0,160,v5.2.2,unavailable
esp32_20260808T132635Z_AStar_dynamic_50x50_density10_i0,AStar,initial,50,50,10,path_blocking,esp32_dynamic_50x50_density10_i0,4410,1,0,OK,1,704,263,39951,289428,289000,249168,249168,0,none,none,24,25,0,160,v5.2.2,unavailable
esp32_20260808T132635Z_AStar_dynamic_50x50_density10_i0,AStar,replan,50,50,10,path_blocking,esp32_dynamic_50x50_density10_i0,4410,1,0,OK,1,704,262,40110,289428,289000,249168,249168,0,none,none,24,25,0,160,v5.2.2,unavailable
esp32_20260808T132635Z_AStar_dynamic_50x50_density10_i0,AStar,initial,50,50,10,path_blocking,esp32_dynamic_50x50_density10_i0,4410,2,0,OK,1,704,263,39952,289428,289000,249168,249168,0,none,none,24,25,0,160,v5.2.2,unavailable
esp32_20260808T132635Z_AStar_dynamic_50x50_density10_i0,AStar,replan,50,50,10,path_blocking,esp32_dynamic_50x50_density10_i0,4410,2,0,OK,1,704,262,40109,289428,289000,249168,249168,0,none,none,24,25,0,160,v5.2.2,unavailable
esp32_20260808T132635Z_AStar_dynamic_50x50_density10_i0,AStar,initial,50,50,10,path_blocking,esp32_dynamic_50x50_density10_i1,4411,0,0,OK,1,704,290,44211,289428,289000,243444,243444,0,none,none,25,26,0,160,v5.2.2,unavailable
esp32_20260808T132635Z_AStar_dynamic_50x50_density10_i0,AStar,replan,50,50,10,path_blocking,esp32_dynamic_50x50_density10_i1,4411,0,0,OK,1,704,277,42587,289428,289000,243444,243444,0,none,none,25,26,0,160,v5.2.2,unavailable
esp32_20260808T132635Z_AStar_dynamic_50x50_density10_i0,AStar,initial,50,50,10,path_blocking,esp32_dynamic_50x50_density10_i1,4411,1,0,OK,1,704,290,44212,289428,289000,243444,243444,0,none,none,25,26,0,160,v5.2.2,unavailable
esp32_20260808T132635Z_AStar_dynamic_50x50_density10_i0,AStar,replan,50,50,10,path_blocking,esp32_dynamic_50x50_density10_i1,4411,1,0,OK,1,704,277,42572,289428,289000,243444,243444,0,none,none,25,26,0,160,v5.2.2,unavailable
esp32_20260808T132635Z_AStar_dynamic_50x50_density10_i0,AStar,initial,50,50,10,path_blocking,esp32_dynamic_50x50_density10_i1,4411,2,0,OK,1,704,290,44212,289428,289000,243444,243444,0,none,none,25,26,0,160,v5.2.2,unavailable
esp32_20260808T132635Z_AStar_dynamic_50x50_density10_i0,AStar,replan,50,50,10,path_blocking,esp32_dynamic_50x50_density10_i1,4411,2,0,OK,1,704,277,42572,289428,289000,243444,243444,0,none,none,25,26,0,160,v5.2.2,unavailable
esp32_20260808T132635Z_AStar_dynamic_50x50_density10_i0,AStar,initial,50,50,10,path_blocking,esp32_dynamic_50x50_density10_i2,4412,0,0,OK,1,710,299,45784,289428,288992,240368,240368,0,none,none,24,24,0,160,v5.2.2,unavailable
esp32_20260808T132635Z_AStar_dynamic_50x50_density10_i0,AStar,replan,50,50,10,path_blocking,esp32_dynamic_50x50_density10_i2,4412,0,0,OK,1,710,298,45717,289428,288992,240368,240368,0,none,none,24,24,0,160,v5.2.2,unavailable
esp32_20260808T132635Z_AStar_dynamic_50x50_density10_i0,AStar,initial,50,50,10,path_blocking,esp32_dynamic_50x50_density10_i2,4412,1,0,OK,1,710,299,45780,289428,288992,240368,240368,0,none,none,24,24,0,160,v5.2.2,unavailable
esp32_20260808T132635Z_AStar_dynamic_50x50_density10_i0,AStar,replan,50,50,10,path_blocking,esp32_dynamic_50x50_density10_i2,4412,1,0,OK,1,710,298,45700,289428,288992,240368,240368,0,none,none,24,24,0,160,v5.2.2,unavailable
esp32_20260808T132635Z_AStar_dynamic_50x50_density10_i0,AStar,initial,50,50,10,path_blocking,esp32_dynamic_50x50_density10_i2,4412,2,0,OK,1,710,299,45780,289428,288992,240368,240368,0,none,none,24,24,0,160,v5.2.2,unavailable
esp32_20260808T132635Z_AStar_dynamic_50x50_density10_i0,AStar,replan,50,50,10,path_blocking,esp32_dynamic_50x50_density10_i2,4412,2,0,OK,1,710,298,45704,289428,288992,240368,240368,0,none,none,24,24,0,160,v5.2.2,unavailable
esp32_20260808T132635Z_AStar_dynamic_50x50_density10_i0,AStar,initial,50,50,10,path_blocking,esp32_dynamic_50x50_density10_i3,4413,0,0,OK,1,704,208,34092,289428,289000,240368,240368,0,none,none,23,25,0,160,v5.2.2,unavailable
esp32_20260808T132635Z_AStar_dynamic_50x50_density10_i0,AStar,replan,50,50,10,path_blocking,esp32_dynamic_50x50_density10_i3,4413,0,0,OK,1,704,207,33993,289428,289000,240368,240368,0,none,none,23,25,0,160,v5.2.2,unavailable
esp32_20260808T132635Z_AStar_dynamic_50x50_density10_i0,AStar,initial,50,50,10,path_blocking,esp32_dynamic_50x50_density10_i3,4413,1,0,OK,1,704,208,34093,289428,289000,240368,240368,0,none,none,23,25,0,160,v5.2.2,unavailable
esp32_20260808T132635Z_AStar_dynamic_50x50_density10_i0,AStar,replan,50,50,10,path_blocking,esp32_dynamic_50x50_density10_i3,4413,1,0,OK,1,704,207,33982,289428,289000,240368,240368,0,none,none,23,25,0,160,v5.2.2,unavailable
esp32_20260808T132635Z_AStar_dynamic_50x50_density10_i0,AStar,initial,50,50,10,path_blocking,esp32_dynamic_50x50_density10_i3,4413,2,0,OK,1,704,208,34091,289428,289000,240368,240368,0,none,none,23,25,0,160,v5.2.2,unavailable
esp32_20260808T132635Z_AStar_dynamic_50x50_density10_i0,AStar,replan,50,50,10,path_blocking,esp32_dynamic_50x50_density10_i3,4413,2,0,OK,1,704,207,33979,289428,289000,240368,240368,0,none,none,23,25,0,160,v5.2.2,unavailable
esp32_20260808T132635Z_AStar_dynamic_50x50_density10_i0,AStar,initial,50,50,10,path_blocking,esp32_dynamic_50x50_density10_i4,4414,0,0,OK,1,710,249,38235,289428,288992,240368,240368,0,none,none,26,25,0,160,v5.2.2,unavailable
esp32_20260808T132635Z_AStar_dynamic_50x50_density10_i0,AStar,replan,50,50,10,path_blocking,esp32_dynamic_50x50_density10_i4,4414,0,0,OK,1,710,248,38192,289428,288992,240368,240368,0,none,none,26,25,0,160,v5.2.2,unavailable
esp32_20260808T132635Z_AStar_dynamic_50x50_density10_i0,AStar,initial,50,50,10,path_blocking,esp32_dynamic_50x50_density10_i4,4414,1,0,OK,1,710,249,38230,289428,288992,240368,240368,0,none,none,26,25,0,160,v5.2.2,unavailable
esp32_20260808T132635Z_AStar_dynamic_50x50_density10_i0,AStar,replan,50,50,10,path_blocking,esp32_dynamic_50x50_density10_i4,4414,1,0,OK,1,710,248,38178,289428,288992,240368,240368,0,none,none,26,25,0,160,v5.2.2,unavailable
esp32_20260808T132635Z_AStar_dynamic_50x50_density10_i0,AStar,initial,50,50,10,path_blocking,esp32_dynamic_50x50_density10_i4,4414,2,0,OK,1,710,249,38232,289428,288992,240368,240368,0,none,none,26,25,0,160,v5.2.2,unavailable
esp32_20260808T132635Z_AStar_dynamic_50x50_density10_i0,AStar,replan,50,50,10,path_blocking,esp32_dynamic_50x50_density10_i4,4414,2,0,OK,1,710,248,38179,289428,288992,240368,240368,0,none,none,26,25,0,160,v5.2.2,unavailable
esp32_20260808T132635Z_AStar_dynamic_50x50_density10_i0,AStar,initial,50,50,10,path_blocking,esp32_dynamic_50x50_density10_i5,4415,0,0,OK,1,698,173,29154,289428,289008,240368,240368,0,none,none,25,25,0,160,v5.2.2,unavailable
esp32_20260808T132635Z_AStar_dynamic_50x50_density10_i0,AStar,replan,50,50,10,path_blocking,esp32_dynamic_50x50_density10_i5,4415,0,0,OK,1,698,172,29094,289428,289008,240368,240368,0,none,none,25,25,0,160,v5.2.2,unavailable
esp32_20260808T132635Z_AStar_dynamic_50x50_density10_i0,AStar,initial,50,50,10,path_blocking,esp32_dynamic_50x50_density10_i5,4415,1,0,OK,1,698,173,29152,289428,289008,240368,240368,0,none,none,25,25,0,160,v5.2.2,unavailable
esp32_20260808T132635Z_AStar_dynamic_50x50_density10_i0,AStar,replan,50,50,10,path_blocking,esp32_dynamic_50x50_density10_i5,4415,1,0,OK,1,698,172,29084,289428,289008,240368,240368,0,none,none,25,25,0,160,v5.2.2,unavailable
esp32_20260808T132635Z_AStar_dynamic_50x50_density10_i0,AStar,initial,50,50,10,path_blocking,esp32_dynamic_50x50_density10_i5,4415,2,0,OK,1,698,173,29154,289428,289008,240368,240368,0,none,none,25,25,0,160,v5.2.2,unavailable
esp32_20260808T132635Z_AStar_dynamic_50x50_density10_i0,AStar,replan,50,50,10,path_blocking,esp32_dynamic_50x50_density10_i5,4415,2,0,OK,1,698,172,29083,289428,289008,240368,240368,0,none,none,25,25,0,160,v5.2.2,unavailable
esp32_20260808T132635Z_AStar_dynamic_50x50_density10_i0,AStar,initial,50,50,10,path_blocking,esp32_dynamic_50x50_density10_i6,4416,0,0,OK,1,692,113,21628,289428,289016,240368,240368,0,none,none,25,25,0,160,v5.2.2,unavailable
esp32_20260808T132635Z_AStar_dynamic_50x50_density10_i0,AStar,replan,50,50,10,path_blocking,esp32_dynamic_50x50_density10_i6,4416,0,0,OK,1,692,112,21524,289428,289016,240368,240368,0,none,none,25,25,0,160,v5.2.2,unavailable
esp32_20260808T132635Z_AStar_dynamic_50x50_density10_i0,AStar,initial,50,50,10,path_blocking,esp32_dynamic_50x50_density10_i6,4416,1,0,OK,1,692,113,21627,289428,289016,240368,240368,0,none,none,25,25,0,160,v5.2.2,unavailable
esp32_20260808T132635Z_AStar_dynamic_50x50_density10_i0,AStar,replan,50,50,10,path_blocking,esp32_dynamic_50x50_density10_i6,4416,1,0,OK,1,692,112,21510,289428,289016,240368,240368,0,none,none,25,25,0,160,v5.2.2,unavailable
esp32_20260808T132635Z_AStar_dynamic_50x50_density10_i0,AStar,initial,50,50,10,path_blocking,esp32_dynamic_50x50_density10_i6,4416,2,0,OK,1,692,113,21631,289428,289016,240368,240368,0,none,none,25,25,0,160,v5.2.2,unavailable
esp32_20260808T132635Z_AStar_dynamic_50x50_density10_i0,AStar,replan,50,50,10,path_blocking,esp32_dynamic_50x50_density10_i6,4416,2,0,OK,1,692,112,21511,289428,289016,240368,240368,0,none,none,25,25,0,160,v5.2.2,unavailable
esp32_20260808T132635Z_AStar_dynamic_50x50_density10_i0,AStar,initial,50,50,10,path_blocking,esp32_dynamic_50x50_density10_i7,4417,0,0,OK,1,686,50,14672,289428,289024,240368,240368,0,none,none,25,25,0,160,v5.2.2,unavailable
esp32_20260808T132635Z_AStar_dynamic_50x50_density10_i0,AStar,replan,50,50,10,path_blocking,esp32_dynamic_50x50_density10_i7,4417,0,0,OK,1,698,169,28817,289428,289008,240368,240368,0,none,none,25,25,0,160,v5.2.2,unavailable
esp32_20260808T132635Z_AStar_dynamic_50x50_density10_i0,AStar,initial,50,50,10,path_blocking,esp32_dynamic_50x50_density10_i7,4417,1,0,OK,1,686,50,14674,289428,289024,240368,240368,0,none,none,25,25,0,160,v5.2.2,unavailable
esp32_20260808T132635Z_AStar_dynamic_50x50_density10_i0,AStar,replan,50,50,10,path_blocking,esp32_dynamic_50x50_density10_i7,4417,1,0,OK,1,698,169,28809,289428,289008,240368,240368,0,none,none,25,25,0,160,v5.2.2,unavailable
esp32_20260808T132635Z_AStar_dynamic_50x50_density10_i0,AStar,initial,50,50,10,path_blocking,esp32_dynamic_50x50_density10_i7,4417,2,0,OK,1,686,50,14671,289428,289024,240368,240368,0,none,none,25,25,0,160,v5.2.2,unavailable
esp32_20260808T132635Z_AStar_dynamic_50x50_density10_i0,AStar,replan,50,50,10,path_blocking,esp32_dynamic_50x50_density10_i7,4417,2,0,OK,1,698,169,28808,289428,289008,240368,240368,0,none,none,25,25,0,160,v5.2.2,unavailable
esp32_20260808T132635Z_AStar_dynamic_50x50_density10_i0,AStar,initial,50,50,10,path_blocking,esp32_dynamic_50x50_density10_i8,4418,0,0,OK,1,710,321,48026,289428,288992,230940,230940,0,none,none,26,24,0,160,v5.2.2,unavailable
esp32_20260808T132635Z_AStar_dynamic_50x50_density10_i0,AStar,replan,50,50,10,path_blocking,esp32_dynamic_50x50_density10_i8,4418,0,0,OK,1,716,414,60690,289428,288984,230940,230940,0,none,none,26,24,0,160,v5.2.2,unavailable
esp32_20260808T132635Z_AStar_dynamic_50x50_density10_i0,AStar,initial,50,50,10,path_blocking,esp32_dynamic_50x50_density10_i8,4418,1,0,OK,1,710,321,48031,289428,288992,230940,230940,0,none,none,26,24,0,160,v5.2.2,unavailable
esp32_20260808T132635Z_AStar_dynamic_50x50_density10_i0,AStar,replan,50,50,10,path_blocking,esp32_dynamic_50x50_density10_i8,4418,1,0,OK,1,716,414,60682,289428,288984,230940,230940,0,none,none,26,24,0,160,v5.2.2,unavailable
esp32_20260808T132635Z_AStar_dynamic_50x50_density10_i0,AStar,initial,50,50,10,path_blocking,esp32_dynamic_50x50_density10_i8,4418,2,0,OK,1,710,321,48031,289428,288992,230940,230940,0,none,none,26,24,0,160,v5.2.2,unavailable
esp32_20260808T132635Z_AStar_dynamic_50x50_density10_i0,AStar,replan,50,50,10,path_blocking,esp32_dynamic_50x50_density10_i8,4418,2,0,OK,1,716,414,60682,289428,288984,230940,230940,0,none,none,26,24,0,160,v5.2.2,unavailable
esp32_20260808T132635Z_AStar_dynamic_50x50_density10_i0,AStar,initial,50,50,10,path_blocking,esp32_dynamic_50x50_density10_i9,4419,0,0,OK,1,698,152,26514,289428,289008,230940,230940,0,none,none,25,25,0,160,v5.2.2,unavailable
esp32_20260808T132635Z_AStar_dynamic_50x50_density10_i0,AStar,replan,50,50,10,path_blocking,esp32_dynamic_50x50_density10_i9,4419,0,0,OK,1,698,150,26350,289428,289008,230940,230940,0,none,none,25,25,0,160,v5.2.2,unavailable
esp32_20260808T132635Z_AStar_dynamic_50x50_density10_i0,AStar,initial,50,50,10,path_blocking,esp32_dynamic_50x50_density10_i9,4419,1,0,OK,1,698,152,26509,289428,289008,230940,230940,0,none,none,25,25,0,160,v5.2.2,unavailable
esp32_20260808T132635Z_AStar_dynamic_50x50_density10_i0,AStar,replan,50,50,10,path_blocking,esp32_dynamic_50x50_density10_i9,4419,1,0,OK,1,698,150,26339,289428,289008,230940,230940,0,none,none,25,25,0,160,v5.2.2,unavailable
esp32_20260808T132635Z_AStar_dynamic_50x50_density10_i0,AStar,initial,50,50,10,path_blocking,esp32_dynamic_50x50_density10_i9,4419,2,0,OK,1,698,152,26508,289428,289008,230940,230940,0,none,none,25,25,0,160,v5.2.2,unavailable
esp32_20260808T132635Z_AStar_dynamic_50x50_density10_i0,AStar,replan,50,50,10,path_blocking,esp32_dynamic_50x50_density10_i9,4419,2,0,OK,1,698,150,26339,289428,289008,230940,230940,0,none,none,25,25,0,160,v5.2.2,unavailable
esp32_20260808T132635Z_AStar_dynamic_100x100_density20_i0,AStar,initial,100,100,20,path_blocking,esp32_dynamic_100x100_density20_i0,7820,0,0,OK,1,1452,1089,153423,259428,258536,98088,98088,0,none,none,51,49,0,160,v5.2.2,unavailable
esp32_20260808T132635Z_AStar_dynamic_100x100_density20_i0,AStar,replan,100,100,20,path_blocking,esp32_dynamic_100x100_density20_i0,7820,0,0,OK,1,1464,1397,207142,259428,258520,98088,98088,0,none,none,51,49,0,160,v5.2.2,unavailable
esp32_20260808T132635Z_AStar_dynamic_100x100_density20_i0,AStar,initial,100,100,20,path_blocking,esp32_dynamic_100x100_density20_i0,7820,1,0,OK,1,1452,1089,153424,259428,258536,98088,98088,0,none,none,51,49,0,160,v5.2.2,unavailable
esp32_20260808T132635Z_AStar_dynamic_100x100_density20_i0,AStar,replan,100,100,20,path_blocking,esp32_dynamic_100x100_density20_i0,7820,1,0,OK,1,1464,1397,207132,259428,258520,98088,98088,0,none,none,51,49,0,160,v5.2.2,unavailable
esp32_20260808T132635Z_AStar_dynamic_100x100_density20_i0,AStar,initial,100,100,20,path_blocking,esp32_dynamic_100x100_density20_i0,7820,2,0,OK,1,1452,1089,153423,259428,258536,98088,98088,0,none,none,51,49,0,160,v5.2.2,unavailable
esp32_20260808T132635Z_AStar_dynamic_100x100_density20_i0,AStar,replan,100,100,20,path_blocking,esp32_dynamic_100x100_density20_i0,7820,2,0,OK,1,1464,1397,207138,259428,258520,98088,98088,0,none,none,51,49,0,160,v5.2.2,unavailable
esp32_20260808T132635Z_AStar_dynamic_100x100_density20_i0,AStar,initial,100,100,20,path_blocking,esp32_dynamic_100x100_density20_i1,7821,0,0,OK,1,1464,1270,183748,259428,258520,98048,98048,0,none,none,47,51,0,160,v5.2.2,unavailable
esp32_20260808T132635Z_AStar_dynamic_100x100_density20_i0,AStar,replan,100,100,20,path_blocking,esp32_dynamic_100x100_density20_i1,7821,0,0,OK,1,1464,1269,183495,259428,258520,98048,98048,0,none,none,47,51,0,160,v5.2.2,unavailable
esp32_20260808T132635Z_AStar_dynamic_100x100_density20_i0,AStar,initial,100,100,20,path_blocking,esp32_dynamic_100x100_density20_i1,7821,1,0,OK,1,1464,1270,183752,259428,258520,98048,98048,0,none,none,47,51,0,160,v5.2.2,unavailable
esp32_20260808T132635Z_AStar_dynamic_100x100_density20_i0,AStar,replan,100,100,20,path_blocking,esp32_dynamic_100x100_density20_i1,7821,1,0,OK,1,1464,1269,183482,259428,258520,98048,98048,0,none,none,47,51,0,160,v5.2.2,unavailable
esp32_20260808T132635Z_AStar_dynamic_100x100_density20_i0,AStar,initial,100,100,20,path_blocking,esp32_dynamic_100x100_density20_i1,7821,2,0,OK,1,1464,1270,183752,259428,258520,98048,98048,0,none,none,47,51,0,160,v5.2.2,unavailable
esp32_20260808T132635Z_AStar_dynamic_100x100_density20_i0,AStar,replan,100,100,20,path_blocking,esp32_dynamic_100x100_density20_i1,7821,2,0,OK,1,1464,1269,183482,259428,258520,98048,98048,0,none,none,47,51,0,160,v5.2.2,unavailable
esp32_20260808T132635Z_AStar_dynamic_100x100_density20_i0,AStar,initial,100,100,20,path_blocking,esp32_dynamic_100x100_density20_i2,7822,0,0,OK,1,1464,1431,210221,259428,258520,78540,78540,0,none,none,52,45,0,160,v5.2.2,unavailable
esp32_20260808T132635Z_AStar_dynamic_100x100_density20_i0,AStar,replan,100,100,20,path_blocking,esp32_dynamic_100x100_density20_i2,7822,0,0,OK,1,1470,1532,228484,259428,258512,78540,78540,0,none,none,52,45,0,160,v5.2.2,unavailable
esp32_20260808T132635Z_AStar_dynamic_100x100_density20_i0,AStar,initial,100,100,20,path_blocking,esp32_dynamic_100x100_density20_i2,7822,1,0,OK,1,1464,1431,210220,259428,258520,78540,78540,0,none,none,52,45,0,160,v5.2.2,unavailable
esp32_20260808T132635Z_AStar_dynamic_100x100_density20_i0,AStar,replan,100,100,20,path_blocking,esp32_dynamic_100x100_density20_i2,7822,1,0,OK,1,1470,1532,228457,259428,258512,78540,78540,0,none,none,52,45,0,160,v5.2.2,unavailable
esp32_20260808T132635Z_AStar_dynamic_100x100_density20_i0,AStar,initial,100,100,20,path_blocking,esp32_dynamic_100x100_density20_i2,7822,2,0,OK,1,1464,1431,210227,259428,258520,78540,78540,0,none,none,52,45,0,160,v5.2.2,unavailable
esp32_20260808T132635Z_AStar_dynamic_100x100_density20_i0,AStar,replan,100,100,20,path_blocking,esp32_dynamic_100x100_density20_i2,7822,2,0,OK,1,1470,1532,228470,259428,258512,78540,78540,0,none,none,52,45,0,160,v5.2.2,unavailable
esp32_20260808T132635Z_AStar_dynamic_100x100_density20_i0,AStar,initial,100,100,20,path_blocking,esp32_dynamic_100x100_density20_i3,7823,0,0,OK,1,1452,1312,190602,259428,258536,78540,78540,0,none,none,48,54,0,160,v5.2.2,unavailable
esp32_20260808T132635Z_AStar_dynamic_100x100_density20_i0,AStar,replan,100,100,20,path_blocking,esp32_dynamic_100x100_density20_i3,7823,0,0,OK,1,1458,1432,210714,259428,258528,78540,78540,0,none,none,48,54,0,160,v5.2.2,unavailable
esp32_20260808T132635Z_AStar_dynamic_100x100_density20_i0,AStar,initial,100,100,20,path_blocking,esp32_dynamic_100x100_density20_i3,7823,1,0,OK,1,1452,1312,190606,259428,258536,78540,78540,0,none,none,48,54,0,160,v5.2.2,unavailable
esp32_20260808T132635Z_AStar_dynamic_100x100_density20_i0,AStar,replan,100,100,20,path_blocking,esp32_dynamic_100x100_density20_i3,7823,1,0,OK,1,1458,1432,210713,259428,258528,78540,78540,0,none,none,48,54,0,160,v5.2.2,unavailable
esp32_20260808T132635Z_AStar_dynamic_100x100_density20_i0,AStar,initial,100,100,20,path_blocking,esp32_dynamic_100x100_density20_i3,7823,2,0,OK,1,1452,1312,190606,259428,258536,78540,78540,0,none,none,48,54,0,160,v5.2.2,unavailable
esp32_20260808T132635Z_AStar_dynamic_100x100_density20_i0,AStar,replan,100,100,20,path_blocking,esp32_dynamic_100x100_density20_i3,7823,2,0,OK,1,1458,1432,210713,259428,258528,78540,78540,0,none,none,48,54,0,160,v5.2.2,unavailable
esp32_20260808T132635Z_AStar_dynamic_100x100_density20_i0,AStar,initial,100,100,20,path_blocking,esp32_dynamic_100x100_density20_i4,7824,0,0,OK,1,1476,1572,238528,259428,258504,78520,78520,0,none,none,47,51,0,160,v5.2.2,unavailable
esp32_20260808T132635Z_AStar_dynamic_100x100_density20_i0,AStar,replan,100,100,20,path_blocking,esp32_dynamic_100x100_density20_i4,7824,0,0,OK,1,1476,1568,238223,259428,258504,78520,78520,0,none,none,47,51,0,160,v5.2.2,unavailable
esp32_20260808T132635Z_AStar_dynamic_100x100_density20_i0,AStar,initial,100,100,20,path_blocking,esp32_dynamic_100x100_density20_i4,7824,1,0,OK,1,1476,1572,238537,259428,258504,78520,78520,0,none,none,47,51,0,160,v5.2.2,unavailable
esp32_20260808T132635Z_AStar_dynamic_100x100_density20_i0,AStar,replan,100,100,20,path_blocking,esp32_dynamic_100x100_density20_i4,7824,1,0,OK,1,1476,1568,238213,259428,258504,78520,78520,0,none,none,47,51,0,160,v5.2.2,unavailable
esp32_20260808T132635Z_AStar_dynamic_100x100_density20_i0,AStar,initial,100,100,20,path_blocking,esp32_dynamic_100x100_density20_i4,7824,2,0,OK,1,1476,1572,238539,259428,258504,78520,78520,0,none,none,47,51,0,160,v5.2.2,unavailable
esp32_20260808T132635Z_AStar_dynamic_100x100_density20_i0,AStar,replan,100,100,20,path_blocking,esp32_dynamic_100x100_density20_i4,7824,2,0,OK,1,1476,1568,238216,259428,258504,78520,78520,0,none,none,47,51,0,160,v5.2.2,unavailable
esp32_20260808T132635Z_AStar_dynamic_100x100_density20_i0,AStar,initial,100,100,20,path_blocking,esp32_dynamic_100x100_density20_i5,7825,0,0,OK,1,1446,1069,149921,259428,258544,78520,78520,0,none,none,49,52,0,160,v5.2.2,unavailable
esp32_20260808T132635Z_AStar_dynamic_100x100_density20_i0,AStar,replan,100,100,20,path_blocking,esp32_dynamic_100x100_density20_i5,7825,0,0,OK,1,1452,1210,172128,259428,258536,78520,78520,0,none,none,49,52,0,160,v5.2.2,unavailable
esp32_20260808T132635Z_AStar_dynamic_100x100_density20_i0,AStar,initial,100,100,20,path_blocking,esp32_dynamic_100x100_density20_i5,7825,1,0,OK,1,1446,1069,149913,259428,258544,78520,78520,0,none,none,49,52,0,160,v5.2.2,unavailable
esp32_20260808T132635Z_AStar_dynamic_100x100_density20_i0,AStar,replan,100,100,20,path_blocking,esp32_dynamic_100x100_density20_i5,7825,1,0,OK,1,1452,1210,172123,259428,258536,78520,78520,0,none,none,49,52,0,160,v5.2.2,unavailable
esp32_20260808T132635Z_AStar_dynamic_100x100_density20_i0,AStar,initial,100,100,20,path_blocking,esp32_dynamic_100x100_density20_i5,7825,2,0,OK,1,1446,1069,149914,259428,258544,78520,78520,0,none,none,49,52,0,160,v5.2.2,unavailable
esp32_20260808T132635Z_AStar_dynamic_100x100_density20_i0,AStar,replan,100,100,20,path_blocking,esp32_dynamic_100x100_density20_i5,7825,2,0,OK,1,1452,1210,172125,259428,258536,78520,78520,0,none,none,49,52,0,160,v5.2.2,unavailable
esp32_20260808T132635Z_AStar_dynamic_100x100_density20_i0,AStar,initial,100,100,20,path_blocking,esp32_dynamic_100x100_density20_i6,7826,0,0,OK,1,1470,1461,216405,259428,258512,46480,46480,0,none,none,48,55,0,160,v5.2.2,unavailable
esp32_20260808T132635Z_AStar_dynamic_100x100_density20_i0,AStar,replan,100,100,20,path_blocking,esp32_dynamic_100x100_density20_i6,7826,0,0,OK,1,1482,1825,284283,259428,258496,46480,46480,0,none,none,48,55,0,160,v5.2.2,unavailable
esp32_20260808T132635Z_AStar_dynamic_100x100_density20_i0,AStar,initial,100,100,20,path_blocking,esp32_dynamic_100x100_density20_i6,7826,1,0,OK,1,1470,1461,216410,259428,258512,46480,46480,0,none,none,48,55,0,160,v5.2.2,unavailable
esp32_20260808T132635Z_AStar_dynamic_100x100_density20_i0,AStar,replan,100,100,20,path_blocking,esp32_dynamic_100x100_density20_i6,7826,1,0,OK,1,1482,1825,284276,259428,258496,46480,46480,0,none,none,48,55,0,160,v5.2.2,unavailable
esp32_20260808T132635Z_AStar_dynamic_100x100_density20_i0,AStar,initial,100,100,20,path_blocking,esp32_dynamic_100x100_density20_i6,7826,2,0,OK,1,1470,1461,216410,259428,258512,46480,46480,0,none,none,48,55,0,160,v5.2.2,unavailable
esp32_20260808T132635Z_AStar_dynamic_100x100_density20_i0,AStar,replan,100,100,20,path_blocking,esp32_dynamic_100x100_density20_i6,7826,2,0,OK,1,1482,1825,284276,259428,258496,46480,46480,0,none,none,48,55,0,160,v5.2.2,unavailable
esp32_20260808T132635Z_AStar_dynamic_100x100_density20_i0,AStar,initial,100,100,20,path_blocking,esp32_dynamic_100x100_density20_i7,7827,0,0,OK,1,1476,1607,237943,259428,258504,46480,46480,0,none,none,53,43,0,160,v5.2.2,unavailable
esp32_20260808T132635Z_AStar_dynamic_100x100_density20_i0,AStar,replan,100,100,20,path_blocking,esp32_dynamic_100x100_density20_i7,7827,0,0,OK,1,1482,1726,262162,259428,258496,46480,46480,0,none,none,53,43,0,160,v5.2.2,unavailable
esp32_20260808T132635Z_AStar_dynamic_100x100_density20_i0,AStar,initial,100,100,20,path_blocking,esp32_dynamic_100x100_density20_i7,7827,1,0,OK,1,1476,1607,237938,259428,258504,46480,46480,0,none,none,53,43,0,160,v5.2.2,unavailable
esp32_20260808T132635Z_AStar_dynamic_100x100_density20_i0,AStar,replan,100,100,20,path_blocking,esp32_dynamic_100x100_density20_i7,7827,1,0,OK,1,1482,1726,262129,259428,258496,46480,46480,0,none,none,53,43,0,160,v5.2.2,unavailable
esp32_20260808T132635Z_AStar_dynamic_100x100_density20_i0,AStar,initial,100,100,20,path_blocking,esp32_dynamic_100x100_density20_i7,7827,2,0,OK,1,1476,1607,237938,259428,258504,46480,46480,0,none,none,53,43,0,160,v5.2.2,unavailable
esp32_20260808T132635Z_AStar_dynamic_100x100_density20_i0,AStar,replan,100,100,20,path_blocking,esp32_dynamic_100x100_density20_i7,7827,2,0,OK,1,1482,1726,262129,259428,258496,46480,46480,0,none,none,53,43,0,160,v5.2.2,unavailable
esp32_20260808T132635Z_AStar_dynamic_100x100_density20_i0,AStar,initial,100,100,20,path_blocking,esp32_dynamic_100x100_density20_i8,7828,0,0,OK,1,1446,1187,171979,259428,258544,46480,46480,0,none,none,48,52,0,160,v5.2.2,unavailable
esp32_20260808T132635Z_AStar_dynamic_100x100_density20_i0,AStar,replan,100,100,20,path_blocking,esp32_dynamic_100x100_density20_i8,7828,0,0,OK,1,1452,1291,189834,259428,258536,46480,46480,0,none,none,48,52,0,160,v5.2.2,unavailable
esp32_20260808T132635Z_AStar_dynamic_100x100_density20_i0,AStar,initial,100,100,20,path_blocking,esp32_dynamic_100x100_density20_i8,7828,1,0,OK,1,1446,1187,171981,259428,258544,46480,46480,0,none,none,48,52,0,160,v5.2.2,unavailable
esp32_20260808T132635Z_AStar_dynamic_100x100_density20_i0,AStar,replan,100,100,20,path_blocking,esp32_dynamic_100x100_density20_i8,7828,1,0,OK,1,1452,1291,189822,259428,258536,46480,46480,0,none,none,48,52,0,160,v5.2.2,unavailable
esp32_20260808T132635Z_AStar_dynamic_100x100_density20_i0,AStar,initial,100,100,20,path_blocking,esp32_dynamic_100x100_density20_i8,7828,2,0,OK,1,1446,1187,171977,259428,258544,46480,46480,0,none,none,48,52,0,160,v5.2.2,unavailable
esp32_20260808T132635Z_AStar_dynamic_100x100_density20_i0,AStar,replan,100,100,20,path_blocking,esp32_dynamic_100x100_density20_i8,7828,2,0,OK,1,1452,1291,189827,259428,258536,46480,46480,0,none,none,48,52,0,160,v5.2.2,unavailable
esp32_20260808T132635Z_AStar_dynamic_100x100_density20_i0,AStar,initial,100,100,20,path_blocking,esp32_dynamic_100x100_density20_i9,7829,0,0,OK,1,1452,1086,154659,259428,258536,46480,46480,0,none,none,52,48,0,160,v5.2.2,unavailable
esp32_20260808T132635Z_AStar_dynamic_100x100_density20_i0,AStar,replan,100,100,20,path_blocking,esp32_dynamic_100x100_density20_i9,7829,0,0,OK,1,1452,1084,154353,259428,258536,46480,46480,0,none,none,52,48,0,160,v5.2.2,unavailable
esp32_20260808T132635Z_AStar_dynamic_100x100_density20_i0,AStar,initial,100,100,20,path_blocking,esp32_dynamic_100x100_density20_i9,7829,1,0,OK,1,1452,1086,154658,259428,258536,46480,46480,0,none,none,52,48,0,160,v5.2.2,unavailable
esp32_20260808T132635Z_AStar_dynamic_100x100_density20_i0,AStar,replan,100,100,20,path_blocking,esp32_dynamic_100x100_density20_i9,7829,1,0,OK,1,1452,1084,154338,259428,258536,46480,46480,0,none,none,52,48,0,160,v5.2.2,unavailable
esp32_20260808T132635Z_AStar_dynamic_100x100_density20_i0,AStar,initial,100,100,20,path_blocking,esp32_dynamic_100x100_density20_i9,7829,2,0,OK,1,1452,1086,154653,259428,258536,46480,46480,0,none,none,52,48,0,160,v5.2.2,unavailable
esp32_20260808T132635Z_AStar_dynamic_100x100_density20_i0,AStar,replan,100,100,20,path_blocking,esp32_dynamic_100x100_density20_i9,7829,2,0,OK,1,1452,1084,154336,259428,258536,46480,46480,0,none,none,52,48,0,160,v5.2.2,unavailable
esp32_20260808T132635Z_AStar_dynamic_500x500_density30_i0,AStar,initial_or_replan,500,500,30,path_blocking,esp32_dynamic_500x500_density30_i0,28030,0,0,OOM,0,-1,-1,-1,299384,299280,299280,299280,1000000,grid_allocation,bad_alloc_heap_callback,-1,-1,0,160,v5.2.2,unavailable
esp32_20260808T132635Z_AStar_dynamic_500x500_density30_i0,AStar,initial_or_replan,500,500,30,path_blocking,esp32_dynamic_500x500_density30_i0,28030,1,0,OOM,0,-1,-1,-1,299384,299280,299280,299280,1000000,grid_allocation,bad_alloc_heap_callback,-1,-1,0,160,v5.2.2,unavailable
esp32_20260808T132635Z_AStar_dynamic_500x500_density30_i0,AStar,initial_or_replan,500,500,30,path_blocking,esp32_dynamic_500x500_density30_i0,28030,2,0,OOM,0,-1,-1,-1,299384,299280,299280,299280,1000000,grid_allocation,bad_alloc_heap_callback,-1,-1,0,160,v5.2.2,unavailable
esp32_20260808T132635Z_AStar_dynamic_500x500_density30_i0,AStar,initial_or_replan,500,500,30,path_blocking,esp32_dynamic_500x500_density30_i1,28031,0,0,OOM,0,-1,-1,-1,299384,299280,299280,299280,1000000,grid_allocation,bad_alloc_heap_callback,-1,-1,0,160,v5.2.2,unavailable
esp32_20260808T132635Z_AStar_dynamic_500x500_density30_i0,AStar,initial_or_replan,500,500,30,path_blocking,esp32_dynamic_500x500_density30_i1,28031,1,0,OOM,0,-1,-1,-1,299384,299280,299280,299280,1000000,grid_allocation,bad_alloc_heap_callback,-1,-1,0,160,v5.2.2,unavailable
esp32_20260808T132635Z_AStar_dynamic_500x500_density30_i0,AStar,initial_or_replan,500,500,30,path_blocking,esp32_dynamic_500x500_density30_i1,28031,2,0,OOM,0,-1,-1,-1,299384,299280,299280,299280,1000000,grid_allocation,bad_alloc_heap_callback,-1,-1,0,160,v5.2.2,unavailable
esp32_20260808T132635Z_AStar_dynamic_500x500_density30_i0,AStar,initial_or_replan,500,500,30,path_blocking,esp32_dynamic_500x500_density30_i2,28032,0,0,OOM,0,-1,-1,-1,299384,299280,299280,299280,1000000,grid_allocation,bad_alloc_heap_callback,-1,-1,0,160,v5.2.2,unavailable
esp32_20260808T132635Z_AStar_dynamic_500x500_density30_i0,AStar,initial_or_replan,500,500,30,path_blocking,esp32_dynamic_500x500_density30_i2,28032,1,0,OOM,0,-1,-1,-1,299384,299280,299280,299280,1000000,grid_allocation,bad_alloc_heap_callback,-1,-1,0,160,v5.2.2,unavailable
esp32_20260808T132635Z_AStar_dynamic_500x500_density30_i0,AStar,initial_or_replan,500,500,30,path_blocking,esp32_dynamic_500x500_density30_i2,28032,2,0,OOM,0,-1,-1,-1,299384,299280,299280,299280,1000000,grid_allocation,bad_alloc_heap_callback,-1,-1,0,160,v5.2.2,unavailable
esp32_20260808T132635Z_AStar_dynamic_500x500_density30_i0,AStar,initial_or_replan,500,500,30,path_blocking,esp32_dynamic_500x500_density30_i3,28033,0,0,OOM,0,-1,-1,-1,299384,299280,299280,299280,1000000,grid_allocation,bad_alloc_heap_callback,-1,-1,0,160,v5.2.2,unavailable
esp32_20260808T132635Z_AStar_dynamic_500x500_density30_i0,AStar,initial_or_replan,500,500,30,path_blocking,esp32_dynamic_500x500_density30_i3,28033,1,0,OOM,0,-1,-1,-1,299384,299280,299280,299280,1000000,grid_allocation,bad_alloc_heap_callback,-1,-1,0,160,v5.2.2,unavailable
esp32_20260808T132635Z_AStar_dynamic_500x500_density30_i0,AStar,initial_or_replan,500,500,30,path_blocking,esp32_dynamic_500x500_density30_i3,28033,2,0,OOM,0,-1,-1,-1,299384,299280,299280,299280,1000000,grid_allocation,bad_alloc_heap_callback,-1,-1,0,160,v5.2.2,unavailable
esp32_20260808T132635Z_AStar_dynamic_500x500_density30_i0,AStar,initial_or_replan,500,500,30,path_blocking,esp32_dynamic_500x500_density30_i4,28034,0,0,OOM,0,-1,-1,-1,299384,299280,299280,299280,1000000,grid_allocation,bad_alloc_heap_callback,-1,-1,0,160,v5.2.2,unavailable
esp32_20260808T132635Z_AStar_dynamic_500x500_density30_i0,AStar,initial_or_replan,500,500,30,path_blocking,esp32_dynamic_500x500_density30_i4,28034,1,0,OOM,0,-1,-1,-1,299384,299280,299280,299280,1000000,grid_allocation,bad_alloc_heap_callback,-1,-1,0,160,v5.2.2,unavailable
esp32_20260808T132635Z_AStar_dynamic_500x500_density30_i0,AStar,initial_or_replan,500,500,30,path_blocking,esp32_dynamic_500x500_density30_i4,28034,2,0,OOM,0,-1,-1,-1,299384,299280,299280,299280,1000000,grid_allocation,bad_alloc_heap_callback,-1,-1,0,160,v5.2.2,unavailable
esp32_20260808T132635Z_AStar_dynamic_500x500_density30_i0,AStar,initial_or_replan,500,500,30,path_blocking,esp32_dynamic_500x500_density30_i5,28035,0,0,OOM,0,-1,-1,-1,299384,299280,299280,299280,1000000,grid_allocation,bad_alloc_heap_callback,-1,-1,0,160,v5.2.2,unavailable
esp32_20260808T132635Z_AStar_dynamic_500x500_density30_i0,AStar,initial_or_replan,500,500,30,path_blocking,esp32_dynamic_500x500_density30_i5,28035,1,0,OOM,0,-1,-1,-1,299384,299280,299280,299280,1000000,grid_allocation,bad_alloc_heap_callback,-1,-1,0,160,v5.2.2,unavailable
esp32_20260808T132635Z_AStar_dynamic_500x500_density30_i0,AStar,initial_or_replan,500,500,30,path_blocking,esp32_dynamic_500x500_density30_i5,28035,2,0,OOM,0,-1,-1,-1,299384,299280,299280,299280,1000000,grid_allocation,bad_alloc_heap_callback,-1,-1,0,160,v5.2.2,unavailable
esp32_20260808T132635Z_AStar_dynamic_500x500_density30_i0,AStar,initial_or_replan,500,500,30,path_blocking,esp32_dynamic_500x500_density30_i6,28036,0,0,OOM,0,-1,-1,-1,299384,299280,299280,299280,1000000,grid_allocation,bad_alloc_heap_callback,-1,-1,0,160,v5.2.2,unavailable
esp32_20260808T132635Z_AStar_dynamic_500x500_density30_i0,AStar,initial_or_replan,500,500,30,path_blocking,esp32_dynamic_500x500_density30_i6,28036,1,0,OOM,0,-1,-1,-1,299384,299280,299280,299280,1000000,grid_allocation,bad_alloc_heap_callback,-1,-1,0,160,v5.2.2,unavailable
esp32_20260808T132635Z_AStar_dynamic_500x500_density30_i0,AStar,initial_or_replan,500,500,30,path_blocking,esp32_dynamic_500x500_density30_i6,28036,2,0,OOM,0,-1,-1,-1,299384,299280,299280,299280,1000000,grid_allocation,bad_alloc_heap_callback,-1,-1,0,160,v5.2.2,unavailable
esp32_20260808T132635Z_AStar_dynamic_500x500_density30_i0,AStar,initial_or_replan,500,500,30,path_blocking,esp32_dynamic_500x500_density30_i7,28037,0,0,OOM,0,-1,-1,-1,299384,299280,299280,299280,1000000,grid_allocation,bad_alloc_heap_callback,-1,-1,0,160,v5.2.2,unavailable
esp32_20260808T132635Z_AStar_dynamic_500x500_density30_i0,AStar,initial_or_replan,500,500,30,path_blocking,esp32_dynamic_500x500_density30_i7,28037,1,0,OOM,0,-1,-1,-1,299384,299280,299280,299280,1000000,grid_allocation,bad_alloc_heap_callback,-1,-1,0,160,v5.2.2,unavailable
esp32_20260808T132635Z_AStar_dynamic_500x500_density30_i0,AStar,initial_or_replan,500,500,30,path_blocking,esp32_dynamic_500x500_density30_i7,28037,2,0,OOM,0,-1,-1,-1,299384,299280,299280,299280,1000000,grid_allocation,bad_alloc_heap_callback,-1,-1,0,160,v5.2.2,unavailable
esp32_20260808T132635Z_AStar_dynamic_500x500_density30_i0,AStar,initial_or_replan,500,500,30,path_blocking,esp32_dynamic_500x500_density30_i8,28038,0,0,OOM,0,-1,-1,-1,299384,299280,299280,299280,1000000,grid_allocation,bad_alloc_heap_callback,-1,-1,0,160,v5.2.2,unavailable
esp32_20260808T132635Z_AStar_dynamic_500x500_density30_i0,AStar,initial_or_replan,500,500,30,path_blocking,esp32_dynamic_500x500_density30_i8,28038,1,0,OOM,0,-1,-1,-1,299384,299280,299280,299280,1000000,grid_allocation,bad_alloc_heap_callback,-1,-1,0,160,v5.2.2,unavailable
esp32_20260808T132635Z_AStar_dynamic_500x500_density30_i0,AStar,initial_or_replan,500,500,30,path_blocking,esp32_dynamic_500x500_density30_i8,28038,2,0,OOM,0,-1,-1,-1,299384,299280,299280,299280,1000000,grid_allocation,bad_alloc_heap_callback,-1,-1,0,160,v5.2.2,unavailable
esp32_20260808T132635Z_AStar_dynamic_500x500_density30_i0,AStar,initial_or_replan,500,500,30,path_blocking,esp32_dynamic_500x500_density30_i9,28039,0,0,OOM,0,-1,-1,-1,299384,299280,299280,299280,1000000,grid_allocation,bad_alloc_heap_callback,-1,-1,0,160,v5.2.2,unavailable
esp32_20260808T132635Z_AStar_dynamic_500x500_density30_i0,AStar,initial_or_replan,500,500,30,path_blocking,esp32_dynamic_500x500_density30_i9,28039,1,0,OOM,0,-1,-1,-1,299384,299280,299280,299280,1000000,grid_allocation,bad_alloc_heap_callback,-1,-1,0,160,v5.2.2,unavailable
esp32_20260808T132635Z_AStar_dynamic_500x500_density30_i0,AStar,initial_or_replan,500,500,30,path_blocking,esp32_dynamic_500x500_density30_i9,28039,2,0,OOM,0,-1,-1,-1,299384,299280,299280,299280,1000000,grid_allocation,bad_alloc_heap_callback,-1,-1,0,160,v5.2.2,unavailable
esp32_20260808T132635Z_JPS_initial_50x50_density10_i0,JPS,initial,50,50,10,none,esp32_initial_50x50_density10_i0,4410,0,0,OK,1,704,133,37821,285328,282904,253572,253572,0,none,none,-1,-1,0,160,v5.2.2,unavailable
esp32_20260808T132635Z_JPS_initial_50x50_density10_i0,JPS,initial,50,50,10,none,esp32_initial_50x50_density10_i0,4410,1,0,OK,1,704,133,37891,285328,282904,253572,253572,0,none,none,-1,-1,0,160,v5.2.2,unavailable
esp32_20260808T132635Z_JPS_initial_50x50_density10_i0,JPS,initial,50,50,10,none,esp32_initial_50x50_density10_i0,4410,2,0,OK,1,704,133,37889,285328,282904,253572,253572,0,none,none,-1,-1,0,160,v5.2.2,unavailable
esp32_20260808T132635Z_JPS_initial_50x50_density10_i0,JPS,initial,50,50,10,none,esp32_initial_50x50_density10_i1,4411,0,0,OK,1,704,116,34153,285328,282944,253572,253572,0,none,none,-1,-1,0,160,v5.2.2,unavailable
esp32_20260808T132635Z_JPS_initial_50x50_density10_i0,JPS,initial,50,50,10,none,esp32_initial_50x50_density10_i1,4411,1,0,OK,1,704,116,34231,285328,282944,253572,253572,0,none,none,-1,-1,0,160,v5.2.2,unavailable
esp32_20260808T132635Z_JPS_initial_50x50_density10_i0,JPS,initial,50,50,10,none,esp32_initial_50x50_density10_i1,4411,2,0,OK,1,704,116,34227,285328,282944,253572,253572,0,none,none,-1,-1,0,160,v5.2.2,unavailable
esp32_20260808T132635Z_JPS_initial_50x50_density10_i0,JPS,initial,50,50,10,none,esp32_initial_50x50_density10_i2,4412,0,0,OK,1,710,104,31183,285328,282960,253572,253572,0,none,none,-1,-1,0,160,v5.2.2,unavailable
esp32_20260808T132635Z_JPS_initial_50x50_density10_i0,JPS,initial,50,50,10,none,esp32_initial_50x50_density10_i2,4412,1,0,OK,1,710,104,31263,285328,282960,253572,253572,0,none,none,-1,-1,0,160,v5.2.2,unavailable
esp32_20260808T132635Z_JPS_initial_50x50_density10_i0,JPS,initial,50,50,10,none,esp32_initial_50x50_density10_i2,4412,2,0,OK,1,710,104,31259,285328,282960,253572,253572,0,none,none,-1,-1,0,160,v5.2.2,unavailable
esp32_20260808T132635Z_JPS_initial_50x50_density10_i0,JPS,initial,50,50,10,none,esp32_initial_50x50_density10_i3,4413,0,0,OK,1,704,90,26862,285328,282944,253572,253572,0,none,none,-1,-1,0,160,v5.2.2,unavailable
esp32_20260808T132635Z_JPS_initial_50x50_density10_i0,JPS,initial,50,50,10,none,esp32_initial_50x50_density10_i3,4413,1,0,OK,1,704,90,26943,285328,282944,253572,253572,0,none,none,-1,-1,0,160,v5.2.2,unavailable
esp32_20260808T132635Z_JPS_initial_50x50_density10_i0,JPS,initial,50,50,10,none,esp32_initial_50x50_density10_i3,4413,2,0,OK,1,704,90,26936,285328,282944,253572,253572,0,none,none,-1,-1,0,160,v5.2.2,unavailable
esp32_20260808T132635Z_JPS_initial_50x50_density10_i0,JPS,initial,50,50,10,none,esp32_initial_50x50_density10_i4,4414,0,0,OK,1,710,86,25359,285328,282920,253572,253572,0,none,none,-1,-1,0,160,v5.2.2,unavailable
esp32_20260808T132635Z_JPS_initial_50x50_density10_i0,JPS,initial,50,50,10,none,esp32_initial_50x50_density10_i4,4414,1,0,OK,1,710,86,25434,285328,282920,253572,253572,0,none,none,-1,-1,0,160,v5.2.2,unavailable
esp32_20260808T132635Z_JPS_initial_50x50_density10_i0,JPS,initial,50,50,10,none,esp32_initial_50x50_density10_i4,4414,2,0,OK,1,710,86,25429,285328,282920,253572,253572,0,none,none,-1,-1,0,160,v5.2.2,unavailable
esp32_20260808T132635Z_JPS_initial_50x50_density10_i0,JPS,initial,50,50,10,none,esp32_initial_50x50_density10_i5,4415,0,0,OK,1,698,73,22029,285328,283912,253572,253572,0,none,none,-1,-1,0,160,v5.2.2,unavailable
esp32_20260808T132635Z_JPS_initial_50x50_density10_i0,JPS,initial,50,50,10,none,esp32_initial_50x50_density10_i5,4415,1,0,OK,1,698,73,22110,285328,283912,253572,253572,0,none,none,-1,-1,0,160,v5.2.2,unavailable
esp32_20260808T132635Z_JPS_initial_50x50_density10_i0,JPS,initial,50,50,10,none,esp32_initial_50x50_density10_i5,4415,2,0,OK,1,698,73,22106,285328,283912,253572,253572,0,none,none,-1,-1,0,160,v5.2.2,unavailable
esp32_20260808T132635Z_JPS_initial_50x50_density10_i0,JPS,initial,50,50,10,none,esp32_initial_50x50_density10_i6,4416,0,0,OK,1,692,50,15808,285328,283952,253572,253572,0,none,none,-1,-1,0,160,v5.2.2,unavailable
esp32_20260808T132635Z_JPS_initial_50x50_density10_i0,JPS,initial,50,50,10,none,esp32_initial_50x50_density10_i6,4416,1,0,OK,1,692,50,15884,285328,283952,253572,253572,0,none,none,-1,-1,0,160,v5.2.2,unavailable
esp32_20260808T132635Z_JPS_initial_50x50_density10_i0,JPS,initial,50,50,10,none,esp32_initial_50x50_density10_i6,4416,2,0,OK,1,692,50,15884,285328,283952,253572,253572,0,none,none,-1,-1,0,160,v5.2.2,unavailable
esp32_20260808T132635Z_JPS_initial_50x50_density10_i0,JPS,initial,50,50,10,none,esp32_initial_50x50_density10_i7,4417,0,0,OK,1,686,39,14267,285328,283984,253572,253572,0,none,none,-1,-1,0,160,v5.2.2,unavailable
esp32_20260808T132635Z_JPS_initial_50x50_density10_i0,JPS,initial,50,50,10,none,esp32_initial_50x50_density10_i7,4417,1,0,OK,1,686,39,14350,285328,283984,253572,253572,0,none,none,-1,-1,0,160,v5.2.2,unavailable
esp32_20260808T132635Z_JPS_initial_50x50_density10_i0,JPS,initial,50,50,10,none,esp32_initial_50x50_density10_i7,4417,2,0,OK,1,686,39,14342,285328,283984,253572,253572,0,none,none,-1,-1,0,160,v5.2.2,unavailable
esp32_20260808T132635Z_JPS_initial_50x50_density10_i0,JPS,initial,50,50,10,none,esp32_initial_50x50_density10_i8,4418,0,0,OK,1,710,111,34086,285328,282944,253572,253572,0,none,none,-1,-1,0,160,v5.2.2,unavailable
esp32_20260808T132635Z_JPS_initial_50x50_density10_i0,JPS,initial,50,50,10,none,esp32_initial_50x50_density10_i8,4418,1,0,OK,1,710,111,34169,285328,282944,253572,253572,0,none,none,-1,-1,0,160,v5.2.2,unavailable
esp32_20260808T132635Z_JPS_initial_50x50_density10_i0,JPS,initial,50,50,10,none,esp32_initial_50x50_density10_i8,4418,2,0,OK,1,710,111,34169,285328,282944,253572,253572,0,none,none,-1,-1,0,160,v5.2.2,unavailable
esp32_20260808T132635Z_JPS_initial_50x50_density10_i0,JPS,initial,50,50,10,none,esp32_initial_50x50_density10_i9,4419,0,0,OK,1,698,70,21300,285328,283912,253572,253572,0,none,none,-1,-1,0,160,v5.2.2,unavailable
esp32_20260808T132635Z_JPS_initial_50x50_density10_i0,JPS,initial,50,50,10,none,esp32_initial_50x50_density10_i9,4419,1,0,OK,1,698,70,21380,285328,283912,253572,253572,0,none,none,-1,-1,0,160,v5.2.2,unavailable
esp32_20260808T132635Z_JPS_initial_50x50_density10_i0,JPS,initial,50,50,10,none,esp32_initial_50x50_density10_i9,4419,2,0,OK,1,698,70,21372,285328,283912,253572,253572,0,none,none,-1,-1,0,160,v5.2.2,unavailable
esp32_20260808T132635Z_JPS_initial_100x100_density20_i0,JPS,initial,100,100,20,none,esp32_initial_100x100_density20_i0,7820,0,0,OK,1,1452,538,126860,255328,246416,150664,150664,0,none,none,-1,-1,0,160,v5.2.2,unavailable
esp32_20260808T132635Z_JPS_initial_100x100_density20_i0,JPS,initial,100,100,20,none,esp32_initial_100x100_density20_i0,7820,1,0,OK,1,1452,538,126940,255328,246416,150664,150664,0,none,none,-1,-1,0,160,v5.2.2,unavailable
esp32_20260808T132635Z_JPS_initial_100x100_density20_i0,JPS,initial,100,100,20,none,esp32_initial_100x100_density20_i0,7820,2,0,OK,1,1452,538,126944,255328,246416,150664,150664,0,none,none,-1,-1,0,160,v5.2.2,unavailable
esp32_20260808T132635Z_JPS_initial_100x100_density20_i0,JPS,initial,100,100,20,none,esp32_initial_100x100_density20_i1,7821,0,0,OK,1,1464,626,141955,255328,246408,139752,139752,0,none,none,-1,-1,0,160,v5.2.2,unavailable
esp32_20260808T132635Z_JPS_initial_100x100_density20_i0,JPS,initial,100,100,20,none,esp32_initial_100x100_density20_i1,7821,1,0,OK,1,1464,626,142039,255328,246408,139752,139752,0,none,none,-1,-1,0,160,v5.2.2,unavailable
esp32_20260808T132635Z_JPS_initial_100x100_density20_i0,JPS,initial,100,100,20,none,esp32_initial_100x100_density20_i1,7821,2,0,OK,1,1464,626,142035,255328,246408,139752,139752,0,none,none,-1,-1,0,160,v5.2.2,unavailable
esp32_20260808T132635Z_JPS_initial_100x100_density20_i0,JPS,initial,100,100,20,none,esp32_initial_100x100_density20_i2,7822,0,0,OK,1,1464,679,159118,255328,246416,127312,127312,0,none,none,-1,-1,0,160,v5.2.2,unavailable
esp32_20260808T132635Z_JPS_initial_100x100_density20_i0,JPS,initial,100,100,20,none,esp32_initial_100x100_density20_i2,7822,1,0,OK,1,1464,679,159199,255328,246416,127312,127312,0,none,none,-1,-1,0,160,v5.2.2,unavailable
esp32_20260808T132635Z_JPS_initial_100x100_density20_i0,JPS,initial,100,100,20,none,esp32_initial_100x100_density20_i2,7822,2,0,OK,1,1464,679,159198,255328,246416,127312,127312,0,none,none,-1,-1,0,160,v5.2.2,unavailable
esp32_20260808T132635Z_JPS_initial_100x100_density20_i0,JPS,initial,100,100,20,none,esp32_initial_100x100_density20_i3,7823,0,0,OK,1,1452,651,152206,255328,246408,127312,127312,0,none,none,-1,-1,0,160,v5.2.2,unavailable
esp32_20260808T132635Z_JPS_initial_100x100_density20_i0,JPS,initial,100,100,20,none,esp32_initial_100x100_density20_i3,7823,1,0,OK,1,1452,651,152297,255328,246408,127312,127312,0,none,none,-1,-1,0,160,v5.2.2,unavailable
esp32_20260808T132635Z_JPS_initial_100x100_density20_i0,JPS,initial,100,100,20,none,esp32_initial_100x100_density20_i3,7823,2,0,OK,1,1452,651,152288,255328,246408,127312,127312,0,none,none,-1,-1,0,160,v5.2.2,unavailable
esp32_20260808T132635Z_JPS_initial_100x100_density20_i0,JPS,initial,100,100,20,none,esp32_initial_100x100_density20_i4,7824,0,0,OK,1,1476,727,162804,255328,246440,125776,125776,0,none,none,-1,-1,0,160,v5.2.2,unavailable
esp32_20260808T132635Z_JPS_initial_100x100_density20_i0,JPS,initial,100,100,20,none,esp32_initial_100x100_density20_i4,7824,1,0,OK,1,1476,727,162919,255328,246440,125776,125776,0,none,none,-1,-1,0,160,v5.2.2,unavailable
esp32_20260808T132635Z_JPS_initial_100x100_density20_i0,JPS,initial,100,100,20,none,esp32_initial_100x100_density20_i4,7824,2,0,OK,1,1476,727,162924,255328,246440,125776,125776,0,none,none,-1,-1,0,160,v5.2.2,unavailable
esp32_20260808T132635Z_JPS_initial_100x100_density20_i0,JPS,initial,100,100,20,none,esp32_initial_100x100_density20_i5,7825,0,0,OK,1,1446,561,132301,255328,246392,125776,125776,0,none,none,-1,-1,0,160,v5.2.2,unavailable
esp32_20260808T132635Z_JPS_initial_100x100_density20_i0,JPS,initial,100,100,20,none,esp32_initial_100x100_density20_i5,7825,1,0,OK,1,1446,561,132393,255328,246392,125776,125776,0,none,none,-1,-1,0,160,v5.2.2,unavailable
esp32_20260808T132635Z_JPS_initial_100x100_density20_i0,JPS,initial,100,100,20,none,esp32_initial_100x100_density20_i5,7825,2,0,OK,1,1446,561,132388,255328,246392,125776,125776,0,none,none,-1,-1,0,160,v5.2.2,unavailable
esp32_20260808T132635Z_JPS_initial_100x100_density20_i0,JPS,initial,100,100,20,none,esp32_initial_100x100_density20_i6,7826,0,0,OK,1,1470,723,160313,255328,246384,125776,125776,0,none,none,-1,-1,0,160,v5.2.2,unavailable
esp32_20260808T132635Z_JPS_initial_100x100_density20_i0,JPS,initial,100,100,20,none,esp32_initial_100x100_density20_i6,7826,1,0,OK,1,1470,723,160386,255328,246384,125776,125776,0,none,none,-1,-1,0,160,v5.2.2,unavailable
esp32_20260808T132635Z_JPS_initial_100x100_density20_i0,JPS,initial,100,100,20,none,esp32_initial_100x100_density20_i6,7826,2,0,OK,1,1470,723,160390,255328,246384,125776,125776,0,none,none,-1,-1,0,160,v5.2.2,unavailable
esp32_20260808T132635Z_JPS_initial_100x100_density20_i0,JPS,initial,100,100,20,none,esp32_initial_100x100_density20_i7,7827,0,0,OK,1,1476,788,184112,255328,246384,113620,113620,0,none,none,-1,-1,0,160,v5.2.2,unavailable
esp32_20260808T132635Z_JPS_initial_100x100_density20_i0,JPS,initial,100,100,20,none,esp32_initial_100x100_density20_i7,7827,1,0,OK,1,1476,788,184200,255328,246384,113620,113620,0,none,none,-1,-1,0,160,v5.2.2,unavailable
esp32_20260808T132635Z_JPS_initial_100x100_density20_i0,JPS,initial,100,100,20,none,esp32_initial_100x100_density20_i7,7827,2,0,OK,1,1476,788,184196,255328,246384,113620,113620,0,none,none,-1,-1,0,160,v5.2.2,unavailable
esp32_20260808T132635Z_JPS_initial_100x100_density20_i0,JPS,initial,100,100,20,none,esp32_initial_100x100_density20_i8,7828,0,0,OK,1,1446,598,139576,255328,246464,113620,113620,0,none,none,-1,-1,0,160,v5.2.2,unavailable
esp32_20260808T132635Z_JPS_initial_100x100_density20_i0,JPS,initial,100,100,20,none,esp32_initial_100x100_density20_i8,7828,1,0,OK,1,1446,598,139646,255328,246464,113620,113620,0,none,none,-1,-1,0,160,v5.2.2,unavailable
esp32_20260808T132635Z_JPS_initial_100x100_density20_i0,JPS,initial,100,100,20,none,esp32_initial_100x100_density20_i8,7828,2,0,OK,1,1446,598,139644,255328,246464,113620,113620,0,none,none,-1,-1,0,160,v5.2.2,unavailable
esp32_20260808T132635Z_JPS_initial_100x100_density20_i0,JPS,initial,100,100,20,none,esp32_initial_100x100_density20_i9,7829,0,0,OK,1,1452,545,124724,255328,246512,113620,113620,0,none,none,-1,-1,0,160,v5.2.2,unavailable
esp32_20260808T132635Z_JPS_initial_100x100_density20_i0,JPS,initial,100,100,20,none,esp32_initial_100x100_density20_i9,7829,1,0,OK,1,1452,545,124816,255328,246512,113620,113620,0,none,none,-1,-1,0,160,v5.2.2,unavailable
esp32_20260808T132635Z_JPS_initial_100x100_density20_i0,JPS,initial,100,100,20,none,esp32_initial_100x100_density20_i9,7829,2,0,OK,1,1452,545,124811,255328,246512,113620,113620,0,none,none,-1,-1,0,160,v5.2.2,unavailable
esp32_20260808T132635Z_JPS_initial_500x500_density20_i0,JPS,initial,500,500,20,none,esp32_initial_500x500_density20_i0,27020,0,0,OOM,0,-1,-1,-1,299384,299280,299280,299280,1000000,grid_allocation,bad_alloc_heap_callback,-1,-1,0,160,v5.2.2,unavailable
esp32_20260808T132635Z_JPS_initial_500x500_density20_i0,JPS,initial,500,500,20,none,esp32_initial_500x500_density20_i0,27020,1,0,OOM,0,-1,-1,-1,299384,299280,299280,299280,1000000,grid_allocation,bad_alloc_heap_callback,-1,-1,0,160,v5.2.2,unavailable
esp32_20260808T132635Z_JPS_initial_500x500_density20_i0,JPS,initial,500,500,20,none,esp32_initial_500x500_density20_i0,27020,2,0,OOM,0,-1,-1,-1,299384,299280,299280,299280,1000000,grid_allocation,bad_alloc_heap_callback,-1,-1,0,160,v5.2.2,unavailable
esp32_20260808T132635Z_JPS_initial_500x500_density20_i0,JPS,initial,500,500,20,none,esp32_initial_500x500_density20_i1,27021,0,0,OOM,0,-1,-1,-1,299384,299280,299280,299280,1000000,grid_allocation,bad_alloc_heap_callback,-1,-1,0,160,v5.2.2,unavailable
esp32_20260808T132635Z_JPS_initial_500x500_density20_i0,JPS,initial,500,500,20,none,esp32_initial_500x500_density20_i1,27021,1,0,OOM,0,-1,-1,-1,299384,299280,299280,299280,1000000,grid_allocation,bad_alloc_heap_callback,-1,-1,0,160,v5.2.2,unavailable
esp32_20260808T132635Z_JPS_initial_500x500_density20_i0,JPS,initial,500,500,20,none,esp32_initial_500x500_density20_i1,27021,2,0,OOM,0,-1,-1,-1,299384,299280,299280,299280,1000000,grid_allocation,bad_alloc_heap_callback,-1,-1,0,160,v5.2.2,unavailable
esp32_20260808T132635Z_JPS_initial_500x500_density20_i0,JPS,initial,500,500,20,none,esp32_initial_500x500_density20_i2,27022,0,0,OOM,0,-1,-1,-1,299384,299280,299280,299280,1000000,grid_allocation,bad_alloc_heap_callback,-1,-1,0,160,v5.2.2,unavailable
esp32_20260808T132635Z_JPS_initial_500x500_density20_i0,JPS,initial,500,500,20,none,esp32_initial_500x500_density20_i2,27022,1,0,OOM,0,-1,-1,-1,299384,299280,299280,299280,1000000,grid_allocation,bad_alloc_heap_callback,-1,-1,0,160,v5.2.2,unavailable
esp32_20260808T132635Z_JPS_initial_500x500_density20_i0,JPS,initial,500,500,20,none,esp32_initial_500x500_density20_i2,27022,2,0,OOM,0,-1,-1,-1,299384,299280,299280,299280,1000000,grid_allocation,bad_alloc_heap_callback,-1,-1,0,160,v5.2.2,unavailable
esp32_20260808T132635Z_JPS_initial_500x500_density20_i0,JPS,initial,500,500,20,none,esp32_initial_500x500_density20_i3,27023,0,0,OOM,0,-1,-1,-1,299384,299280,299280,299280,1000000,grid_allocation,bad_alloc_heap_callback,-1,-1,0,160,v5.2.2,unavailable
esp32_20260808T132635Z_JPS_initial_500x500_density20_i0,JPS,initial,500,500,20,none,esp32_initial_500x500_density20_i3,27023,1,0,OOM,0,-1,-1,-1,299384,299280,299280,299280,1000000,grid_allocation,bad_alloc_heap_callback,-1,-1,0,160,v5.2.2,unavailable
esp32_20260808T132635Z_JPS_initial_500x500_density20_i0,JPS,initial,500,500,20,none,esp32_initial_500x500_density20_i3,27023,2,0,OOM,0,-1,-1,-1,299384,299280,299280,299280,1000000,grid_allocation,bad_alloc_heap_callback,-1,-1,0,160,v5.2.2,unavailable
esp32_20260808T132635Z_JPS_initial_500x500_density20_i0,JPS,initial,500,500,20,none,esp32_initial_500x500_density20_i4,27024,0,0,OOM,0,-1,-1,-1,299384,299280,299280,299280,1000000,grid_allocation,bad_alloc_heap_callback,-1,-1,0,160,v5.2.2,unavailable
esp32_20260808T132635Z_JPS_initial_500x500_density20_i0,JPS,initial,500,500,20,none,esp32_initial_500x500_density20_i4,27024,1,0,OOM,0,-1,-1,-1,299384,299280,299280,299280,1000000,grid_allocation,bad_alloc_heap_callback,-1,-1,0,160,v5.2.2,unavailable
esp32_20260808T132635Z_JPS_initial_500x500_density20_i0,JPS,initial,500,500,20,none,esp32_initial_500x500_density20_i4,27024,2,0,OOM,0,-1,-1,-1,299384,299280,299280,299280,1000000,grid_allocation,bad_alloc_heap_callback,-1,-1,0,160,v5.2.2,unavailable
esp32_20260808T132635Z_JPS_initial_500x500_density20_i0,JPS,initial,500,500,20,none,esp32_initial_500x500_density20_i5,27025,0,0,OOM,0,-1,-1,-1,299384,299280,299280,299280,1000000,grid_allocation,bad_alloc_heap_callback,-1,-1,0,160,v5.2.2,unavailable
esp32_20260808T132635Z_JPS_initial_500x500_density20_i0,JPS,initial,500,500,20,none,esp32_initial_500x500_density20_i5,27025,1,0,OOM,0,-1,-1,-1,299384,299280,299280,299280,1000000,grid_allocation,bad_alloc_heap_callback,-1,-1,0,160,v5.2.2,unavailable
esp32_20260808T132635Z_JPS_initial_500x500_density20_i0,JPS,initial,500,500,20,none,esp32_initial_500x500_density20_i5,27025,2,0,OOM,0,-1,-1,-1,299384,299280,299280,299280,1000000,grid_allocation,bad_alloc_heap_callback,-1,-1,0,160,v5.2.2,unavailable
esp32_20260808T132635Z_JPS_initial_500x500_density20_i0,JPS,initial,500,500,20,none,esp32_initial_500x500_density20_i6,27026,0,0,OOM,0,-1,-1,-1,299384,299280,299280,299280,1000000,grid_allocation,bad_alloc_heap_callback,-1,-1,0,160,v5.2.2,unavailable
esp32_20260808T132635Z_JPS_initial_500x500_density20_i0,JPS,initial,500,500,20,none,esp32_initial_500x500_density20_i6,27026,1,0,OOM,0,-1,-1,-1,299384,299280,299280,299280,1000000,grid_allocation,bad_alloc_heap_callback,-1,-1,0,160,v5.2.2,unavailable
esp32_20260808T132635Z_JPS_initial_500x500_density20_i0,JPS,initial,500,500,20,none,esp32_initial_500x500_density20_i6,27026,2,0,OOM,0,-1,-1,-1,299384,299280,299280,299280,1000000,grid_allocation,bad_alloc_heap_callback,-1,-1,0,160,v5.2.2,unavailable
esp32_20260808T132635Z_JPS_initial_500x500_density20_i0,JPS,initial,500,500,20,none,esp32_initial_500x500_density20_i7,27027,0,0,OOM,0,-1,-1,-1,299384,299280,299280,299280,1000000,grid_allocation,bad_alloc_heap_callback,-1,-1,0,160,v5.2.2,unavailable
esp32_20260808T132635Z_JPS_initial_500x500_density20_i0,JPS,initial,500,500,20,none,esp32_initial_500x500_density20_i7,27027,1,0,OOM,0,-1,-1,-1,299384,299280,299280,299280,1000000,grid_allocation,bad_alloc_heap_callback,-1,-1,0,160,v5.2.2,unavailable
esp32_20260808T132635Z_JPS_initial_500x500_density20_i0,JPS,initial,500,500,20,none,esp32_initial_500x500_density20_i7,27027,2,0,OOM,0,-1,-1,-1,299384,299280,299280,299280,1000000,grid_allocation,bad_alloc_heap_callback,-1,-1,0,160,v5.2.2,unavailable
esp32_20260808T132635Z_JPS_initial_500x500_density20_i0,JPS,initial,500,500,20,none,esp32_initial_500x500_density20_i8,27028,0,0,OOM,0,-1,-1,-1,299384,299280,299280,299280,1000000,grid_allocation,bad_alloc_heap_callback,-1,-1,0,160,v5.2.2,unavailable
esp32_20260808T132635Z_JPS_initial_500x500_density20_i0,JPS,initial,500,500,20,none,esp32_initial_500x500_density20_i8,27028,1,0,OOM,0,-1,-1,-1,299384,299280,299280,299280,1000000,grid_allocation,bad_alloc_heap_callback,-1,-1,0,160,v5.2.2,unavailable
esp32_20260808T132635Z_JPS_initial_500x500_density20_i0,JPS,initial,500,500,20,none,esp32_initial_500x500_density20_i8,27028,2,0,OOM,0,-1,-1,-1,299384,299280,299280,299280,1000000,grid_allocation,bad_alloc_heap_callback,-1,-1,0,160,v5.2.2,unavailable
esp32_20260808T132635Z_JPS_initial_500x500_density20_i0,JPS,initial,500,500,20,none,esp32_initial_500x500_density20_i9,27029,0,0,OOM,0,-1,-1,-1,299384,299280,299280,299280,1000000,grid_allocation,bad_alloc_heap_callback,-1,-1,0,160,v5.2.2,unavailable
esp32_20260808T132635Z_JPS_initial_500x500_density20_i0,JPS,initial,500,500,20,none,esp32_initial_500x500_density20_i9,27029,1,0,OOM,0,-1,-1,-1,299384,299280,299280,299280,1000000,grid_allocation,bad_alloc_heap_callback,-1,-1,0,160,v5.2.2,unavailable
esp32_20260808T132635Z_JPS_initial_500x500_density20_i0,JPS,initial,500,500,20,none,esp32_initial_500x500_density20_i9,27029,2,0,OOM,0,-1,-1,-1,299384,299280,299280,299280,1000000,grid_allocation,bad_alloc_heap_callback,-1,-1,0,160,v5.2.2,unavailable
esp32_20260808T132635Z_JPS_dynamic_50x50_density10_i0,JPS,initial,50,50,10,path_blocking,esp32_dynamic_50x50_density10_i0,4410,0,0,OK,1,704,133,37463,285328,282904,249168,249168,0,none,none,24,25,0,160,v5.2.2,unavailable
esp32_20260808T132635Z_JPS_dynamic_50x50_density10_i0,JPS,replan,50,50,10,path_blocking,esp32_dynamic_50x50_density10_i0,4410,0,0,OK,1,704,127,35482,285328,282912,249168,249168,0,none,none,24,25,0,160,v5.2.2,unavailable
esp32_20260808T132635Z_JPS_dynamic_50x50_density10_i0,JPS,initial,50,50,10,path_blocking,esp32_dynamic_50x50_density10_i0,4410,1,0,OK,1,704,133,37509,285328,282904,249168,249168,0,none,none,24,25,0,160,v5.2.2,unavailable
esp32_20260808T132635Z_JPS_dynamic_50x50_density10_i0,JPS,replan,50,50,10,path_blocking,esp32_dynamic_50x50_density10_i0,4410,1,0,OK,1,704,127,35484,285328,282912,249168,249168,0,none,none,24,25,0,160,v5.2.2,unavailable
esp32_20260808T132635Z_JPS_dynamic_50x50_density10_i0,JPS,initial,50,50,10,path_blocking,esp32_dynamic_50x50_density10_i0,4410,2,0,OK,1,704,133,37509,285328,282904,249168,249168,0,none,none,24,25,0,160,v5.2.2,unavailable
esp32_20260808T132635Z_JPS_dynamic_50x50_density10_i0,JPS,replan,50,50,10,path_blocking,esp32_dynamic_50x50_density10_i0,4410,2,0,OK,1,704,127,35477,285328,282912,249168,249168,0,none,none,24,25,0,160,v5.2.2,unavailable
esp32_20260808T132635Z_JPS_dynamic_50x50_density10_i0,JPS,initial,50,50,10,path_blocking,esp32_dynamic_50x50_density10_i1,4411,0,0,OK,1,704,116,33870,285328,282944,243444,243444,0,none,none,25,26,0,160,v5.2.2,unavailable
esp32_20260808T132635Z_JPS_dynamic_50x50_density10_i0,JPS,replan,50,50,10,path_blocking,esp32_dynamic_50x50_density10_i1,4411,0,0,OK,1,704,122,36771,285328,282936,243444,243444,0,none,none,25,26,0,160,v5.2.2,unavailable
esp32_20260808T132635Z_JPS_dynamic_50x50_density10_i0,JPS,initial,50,50,10,path_blocking,esp32_dynamic_50x50_density10_i1,4411,1,0,OK,1,704,116,33932,285328,282944,243444,243444,0,none,none,25,26,0,160,v5.2.2,unavailable
esp32_20260808T132635Z_JPS_dynamic_50x50_density10_i0,JPS,replan,50,50,10,path_blocking,esp32_dynamic_50x50_density10_i1,4411,1,0,OK,1,704,122,36764,285328,282936,243444,243444,0,none,none,25,26,0,160,v5.2.2,unavailable
esp32_20260808T132635Z_JPS_dynamic_50x50_density10_i0,JPS,initial,50,50,10,path_blocking,esp32_dynamic_50x50_density10_i1,4411,2,0,OK,1,704,116,33931,285328,282944,243444,243444,0,none,none,25,26,0,160,v5.2.2,unavailable
esp32_20260808T132635Z_JPS_dynamic_50x50_density10_i0,JPS,replan,50,50,10,path_blocking,esp32_dynamic_50x50_density10_i1,4411,2,0,OK,1,704,122,36767,285328,282936,243444,243444,0,none,none,25,26,0,160,v5.2.2,unavailable
esp32_20260808T132635Z_JPS_dynamic_50x50_density10_i0,JPS,initial,50,50,10,path_blocking,esp32_dynamic_50x50_density10_i2,4412,0,0,OK,1,710,104,30952,285328,282960,240368,240368,0,none,none,24,24,0,160,v5.2.2,unavailable
esp32_20260808T132635Z_JPS_dynamic_50x50_density10_i0,JPS,replan,50,50,10,path_blocking,esp32_dynamic_50x50_density10_i2,4412,0,0,OK,1,710,83,24534,285328,282936,240368,240368,0,none,none,24,24,0,160,v5.2.2,unavailable
esp32_20260808T132635Z_JPS_dynamic_50x50_density10_i0,JPS,initial,50,50,10,path_blocking,esp32_dynamic_50x50_density10_i2,4412,1,0,OK,1,710,104,31010,285328,282960,240368,240368,0,none,none,24,24,0,160,v5.2.2,unavailable
esp32_20260808T132635Z_JPS_dynamic_50x50_density10_i0,JPS,replan,50,50,10,path_blocking,esp32_dynamic_50x50_density10_i2,4412,1,0,OK,1,710,83,24538,285328,282936,240368,240368,0,none,none,24,24,0,160,v5.2.2,unavailable
esp32_20260808T132635Z_JPS_dynamic_50x50_density10_i0,JPS,initial,50,50,10,path_blocking,esp32_dynamic_50x50_density10_i2,4412,2,0,OK,1,710,104,31012,285328,282960,240368,240368,0,none,none,24,24,0,160,v5.2.2,unavailable
esp32_20260808T132635Z_JPS_dynamic_50x50_density10_i0,JPS,replan,50,50,10,path_blocking,esp32_dynamic_50x50_density10_i2,4412,2,0,OK,1,710,83,24534,285328,282936,240368,240368,0,none,none,24,24,0,160,v5.2.2,unavailable
esp32_20260808T132635Z_JPS_dynamic_50x50_density10_i0,JPS,initial,50,50,10,path_blocking,esp32_dynamic_50x50_density10_i3,4413,0,0,OK,1,704,90,26616,285328,282944,240368,240368,0,none,none,23,25,0,160,v5.2.2,unavailable
esp32_20260808T132635Z_JPS_dynamic_50x50_density10_i0,JPS,replan,50,50,10,path_blocking,esp32_dynamic_50x50_density10_i3,4413,0,0,OK,1,704,91,26893,285328,282936,240368,240368,0,none,none,23,25,0,160,v5.2.2,unavailable
esp32_20260808T132635Z_JPS_dynamic_50x50_density10_i0,JPS,initial,50,50,10,path_blocking,esp32_dynamic_50x50_density10_i3,4413,1,0,OK,1,704,90,26674,285328,282944,240368,240368,0,none,none,23,25,0,160,v5.2.2,unavailable
esp32_20260808T132635Z_JPS_dynamic_50x50_density10_i0,JPS,replan,50,50,10,path_blocking,esp32_dynamic_50x50_density10_i3,4413,1,0,OK,1,704,91,26886,285328,282936,240368,240368,0,none,none,23,25,0,160,v5.2.2,unavailable
esp32_20260808T132635Z_JPS_dynamic_50x50_density10_i0,JPS,initial,50,50,10,path_blocking,esp32_dynamic_50x50_density10_i3,4413,2,0,OK,1,704,90,26677,285328,282944,240368,240368,0,none,none,23,25,0,160,v5.2.2,unavailable
esp32_20260808T132635Z_JPS_dynamic_50x50_density10_i0,JPS,replan,50,50,10,path_blocking,esp32_dynamic_50x50_density10_i3,4413,2,0,OK,1,704,91,26892,285328,282936,240368,240368,0,none,none,23,25,0,160,v5.2.2,unavailable
esp32_20260808T132635Z_JPS_dynamic_50x50_density10_i0,JPS,initial,50,50,10,path_blocking,esp32_dynamic_50x50_density10_i4,4414,0,0,OK,1,710,86,25113,285328,282920,240368,240368,0,none,none,26,25,0,160,v5.2.2,unavailable
esp32_20260808T132635Z_JPS_dynamic_50x50_density10_i0,JPS,replan,50,50,10,path_blocking,esp32_dynamic_50x50_density10_i4,4414,0,0,OK,1,710,88,25424,285328,282912,240368,240368,0,none,none,26,25,0,160,v5.2.2,unavailable
esp32_20260808T132635Z_JPS_dynamic_50x50_density10_i0,JPS,initial,50,50,10,path_blocking,esp32_dynamic_50x50_density10_i4,4414,1,0,OK,1,710,86,25169,285328,282920,240368,240368,0,none,none,26,25,0,160,v5.2.2,unavailable
esp32_20260808T132635Z_JPS_dynamic_50x50_density10_i0,JPS,replan,50,50,10,path_blocking,esp32_dynamic_50x50_density10_i4,4414,1,0,OK,1,710,88,25427,285328,282912,240368,240368,0,none,none,26,25,0,160,v5.2.2,unavailable
esp32_20260808T132635Z_JPS_dynamic_50x50_density10_i0,JPS,initial,50,50,10,path_blocking,esp32_dynamic_50x50_density10_i4,4414,2,0,OK,1,710,86,25169,285328,282920,240368,240368,0,none,none,26,25,0,160,v5.2.2,unavailable
esp32_20260808T132635Z_JPS_dynamic_50x50_density10_i0,JPS,replan,50,50,10,path_blocking,esp32_dynamic_50x50_density10_i4,4414,2,0,OK,1,710,88,25424,285328,282912,240368,240368,0,none,none,26,25,0,160,v5.2.2,unavailable
esp32_20260808T132635Z_JPS_dynamic_50x50_density10_i0,JPS,initial,50,50,10,path_blocking,esp32_dynamic_50x50_density10_i5,4415,0,0,OK,1,698,73,21920,285328,283912,240368,240368,0,none,none,25,25,0,160,v5.2.2,unavailable
esp32_20260808T132635Z_JPS_dynamic_50x50_density10_i0,JPS,replan,50,50,10,path_blocking,esp32_dynamic_50x50_density10_i5,4415,0,0,OK,1,698,75,22823,285328,283912,240368,240368,0,none,none,25,25,0,160,v5.2.2,unavailable
esp32_20260808T132635Z_JPS_dynamic_50x50_density10_i0,JPS,initial,50,50,10,path_blocking,esp32_dynamic_50x50_density10_i5,4415,1,0,OK,1,698,73,21985,285328,283912,240368,240368,0,none,none,25,25,0,160,v5.2.2,unavailable
esp32_20260808T132635Z_JPS_dynamic_50x50_density10_i0,JPS,replan,50,50,10,path_blocking,esp32_dynamic_50x50_density10_i5,4415,1,0,OK,1,698,75,22820,285328,283912,240368,240368,0,none,none,25,25,0,160,v5.2.2,unavailable
esp32_20260808T132635Z_JPS_dynamic_50x50_density10_i0,JPS,initial,50,50,10,path_blocking,esp32_dynamic_50x50_density10_i5,4415,2,0,OK,1,698,73,21981,285328,283912,240368,240368,0,none,none,25,25,0,160,v5.2.2,unavailable
esp32_20260808T132635Z_JPS_dynamic_50x50_density10_i0,JPS,replan,50,50,10,path_blocking,esp32_dynamic_50x50_density10_i5,4415,2,0,OK,1,698,75,22824,285328,283912,240368,240368,0,none,none,25,25,0,160,v5.2.2,unavailable
esp32_20260808T132635Z_JPS_dynamic_50x50_density10_i0,JPS,initial,50,50,10,path_blocking,esp32_dynamic_50x50_density10_i6,4416,0,0,OK,1,692,50,15726,285328,283952,240368,240368,0,none,none,25,25,0,160,v5.2.2,unavailable
esp32_20260808T132635Z_JPS_dynamic_50x50_density10_i0,JPS,replan,50,50,10,path_blocking,esp32_dynamic_50x50_density10_i6,4416,0,0,OK,1,692,51,16394,285328,283960,240368,240368,0,none,none,25,25,0,160,v5.2.2,unavailable
esp32_20260808T132635Z_JPS_dynamic_50x50_density10_i0,JPS,initial,50,50,10,path_blocking,esp32_dynamic_50x50_density10_i6,4416,1,0,OK,1,692,50,15779,285328,283952,240368,240368,0,none,none,25,25,0,160,v5.2.2,unavailable
esp32_20260808T132635Z_JPS_dynamic_50x50_density10_i0,JPS,replan,50,50,10,path_blocking,esp32_dynamic_50x50_density10_i6,4416,1,0,OK,1,692,51,16396,285328,283960,240368,240368,0,none,none,25,25,0,160,v5.2.2,unavailable
esp32_20260808T132635Z_JPS_dynamic_50x50_density10_i0,JPS,initial,50,50,10,path_blocking,esp32_dynamic_50x50_density10_i6,4416,2,0,OK,1,692,50,15780,285328,283952,240368,240368,0,none,none,25,25,0,160,v5.2.2,unavailable
esp32_20260808T132635Z_JPS_dynamic_50x50_density10_i0,JPS,replan,50,50,10,path_blocking,esp32_dynamic_50x50_density10_i6,4416,2,0,OK,1,692,51,16393,285328,283960,240368,240368,0,none,none,25,25,0,160,v5.2.2,unavailable
esp32_20260808T132635Z_JPS_dynamic_50x50_density10_i0,JPS,initial,50,50,10,path_blocking,esp32_dynamic_50x50_density10_i7,4417,0,0,OK,1,686,39,14277,285328,283984,240368,240368,0,none,none,25,25,0,160,v5.2.2,unavailable
esp32_20260808T132635Z_JPS_dynamic_50x50_density10_i0,JPS,replan,50,50,10,path_blocking,esp32_dynamic_50x50_density10_i7,4417,0,0,OK,1,698,57,17105,285328,283968,240368,240368,0,none,none,25,25,0,160,v5.2.2,unavailable
esp32_20260808T132635Z_JPS_dynamic_50x50_density10_i0,JPS,initial,50,50,10,path_blocking,esp32_dynamic_50x50_density10_i7,4417,1,0,OK,1,686,39,14335,285328,283984,240368,240368,0,none,none,25,25,0,160,v5.2.2,unavailable
esp32_20260808T132635Z_JPS_dynamic_50x50_density10_i0,JPS,replan,50,50,10,path_blocking,esp32_dynamic_50x50_density10_i7,4417,1,0,OK,1,698,57,17101,285328,283968,240368,240368,0,none,none,25,25,0,160,v5.2.2,unavailable
esp32_20260808T132635Z_JPS_dynamic_50x50_density10_i0,JPS,initial,50,50,10,path_blocking,esp32_dynamic_50x50_density10_i7,4417,2,0,OK,1,686,39,14336,285328,283984,240368,240368,0,none,none,25,25,0,160,v5.2.2,unavailable
esp32_20260808T132635Z_JPS_dynamic_50x50_density10_i0,JPS,replan,50,50,10,path_blocking,esp32_dynamic_50x50_density10_i7,4417,2,0,OK,1,698,57,17104,285328,283968,240368,240368,0,none,none,25,25,0,160,v5.2.2,unavailable
esp32_20260808T132635Z_JPS_dynamic_50x50_density10_i0,JPS,initial,50,50,10,path_blocking,esp32_dynamic_50x50_density10_i8,4418,0,0,OK,1,710,111,33861,285328,282944,230940,230940,0,none,none,26,24,0,160,v5.2.2,unavailable
esp32_20260808T132635Z_JPS_dynamic_50x50_density10_i0,JPS,replan,50,50,10,path_blocking,esp32_dynamic_50x50_density10_i8,4418,0,0,OK,1,716,166,45395,285328,282928,230940,230940,0,none,none,26,24,0,160,v5.2.2,unavailable
esp32_20260808T132635Z_JPS_dynamic_50x50_density10_i0,JPS,initial,50,50,10,path_blocking,esp32_dynamic_50x50_density10_i8,4418,1,0,OK,1,710,111,33915,285328,282944,230940,230940,0,none,none,26,24,0,160,v5.2.2,unavailable
esp32_20260808T132635Z_JPS_dynamic_50x50_density10_i0,JPS,replan,50,50,10,path_blocking,esp32_dynamic_50x50_density10_i8,4418,1,0,OK,1,716,166,45401,285328,282928,230940,230940,0,none,none,26,24,0,160,v5.2.2,unavailable
esp32_20260808T132635Z_JPS_dynamic_50x50_density10_i0,JPS,initial,50,50,10,path_blocking,esp32_dynamic_50x50_density10_i8,4418,2,0,OK,1,710,111,33914,285328,282944,230940,230940,0,none,none,26,24,0,160,v5.2.2,unavailable
esp32_20260808T132635Z_JPS_dynamic_50x50_density10_i0,JPS,replan,50,50,10,path_blocking,esp32_dynamic_50x50_density10_i8,4418,2,0,OK,1,716,166,45396,285328,282928,230940,230940,0,none,none,26,24,0,160,v5.2.2,unavailable
esp32_20260808T132635Z_JPS_dynamic_50x50_density10_i0,JPS,initial,50,50,10,path_blocking,esp32_dynamic_50x50_density10_i9,4419,0,0,OK,1,698,70,21138,285328,283912,230940,230940,0,none,none,25,25,0,160,v5.2.2,unavailable
esp32_20260808T132635Z_JPS_dynamic_50x50_density10_i0,JPS,replan,50,50,10,path_blocking,esp32_dynamic_50x50_density10_i9,4419,0,0,OK,1,698,75,22867,285328,283920,230940,230940,0,none,none,25,25,0,160,v5.2.2,unavailable
esp32_20260808T132635Z_JPS_dynamic_50x50_density10_i0,JPS,initial,50,50,10,path_blocking,esp32_dynamic_50x50_density10_i9,4419,1,0,OK,1,698,70,21201,285328,283912,230940,230940,0,none,none,25,25,0,160,v5.2.2,unavailable
esp32_20260808T132635Z_JPS_dynamic_50x50_density10_i0,JPS,replan,50,50,10,path_blocking,esp32_dynamic_50x50_density10_i9,4419,1,0,OK,1,698,75,22865,285328,283920,230940,230940,0,none,none,25,25,0,160,v5.2.2,unavailable
esp32_20260808T132635Z_JPS_dynamic_50x50_density10_i0,JPS,initial,50,50,10,path_blocking,esp32_dynamic_50x50_density10_i9,4419,2,0,OK,1,698,70,21195,285328,283912,230940,230940,0,none,none,25,25,0,160,v5.2.2,unavailable
esp32_20260808T132635Z_JPS_dynamic_50x50_density10_i0,JPS,replan,50,50,10,path_blocking,esp32_dynamic_50x50_density10_i9,4419,2,0,OK,1,698,75,22868,285328,283920,230940,230940,0,none,none,25,25,0,160,v5.2.2,unavailable
esp32_20260808T132635Z_JPS_dynamic_100x100_density20_i0,JPS,initial,100,100,20,path_blocking,esp32_dynamic_100x100_density20_i0,7820,0,0,OK,1,1452,538,124989,255328,246416,98088,98088,0,none,none,51,49,0,160,v5.2.2,unavailable
esp32_20260808T132635Z_JPS_dynamic_100x100_density20_i0,JPS,replan,100,100,20,path_blocking,esp32_dynamic_100x100_density20_i0,7820,0,0,OK,1,1464,650,150278,255328,246400,98088,98088,0,none,none,51,49,0,160,v5.2.2,unavailable
esp32_20260808T132635Z_JPS_dynamic_100x100_density20_i0,JPS,initial,100,100,20,path_blocking,esp32_dynamic_100x100_density20_i0,7820,1,0,OK,1,1452,538,125045,255328,246416,98088,98088,0,none,none,51,49,0,160,v5.2.2,unavailable
esp32_20260808T132635Z_JPS_dynamic_100x100_density20_i0,JPS,replan,100,100,20,path_blocking,esp32_dynamic_100x100_density20_i0,7820,1,0,OK,1,1464,650,150284,255328,246400,98088,98088,0,none,none,51,49,0,160,v5.2.2,unavailable
esp32_20260808T132635Z_JPS_dynamic_100x100_density20_i0,JPS,initial,100,100,20,path_blocking,esp32_dynamic_100x100_density20_i0,7820,2,0,OK,1,1452,538,125044,255328,246416,98088,98088,0,none,none,51,49,0,160,v5.2.2,unavailable
esp32_20260808T132635Z_JPS_dynamic_100x100_density20_i0,JPS,replan,100,100,20,path_blocking,esp32_dynamic_100x100_density20_i0,7820,2,0,OK,1,1464,650,150283,255328,246400,98088,98088,0,none,none,51,49,0,160,v5.2.2,unavailable
esp32_20260808T132635Z_JPS_dynamic_100x100_density20_i0,JPS,initial,100,100,20,path_blocking,esp32_dynamic_100x100_density20_i1,7821,0,0,OK,1,1464,626,139568,255328,246408,98048,98048,0,none,none,47,51,0,160,v5.2.2,unavailable
esp32_20260808T132635Z_JPS_dynamic_100x100_density20_i0,JPS,replan,100,100,20,path_blocking,esp32_dynamic_100x100_density20_i1,7821,0,0,OK,1,1464,612,137648,255328,246456,98048,98048,0,none,none,47,51,0,160,v5.2.2,unavailable
esp32_20260808T132635Z_JPS_dynamic_100x100_density20_i0,JPS,initial,100,100,20,path_blocking,esp32_dynamic_100x100_density20_i1,7821,1,0,OK,1,1464,626,139638,255328,246408,98048,98048,0,none,none,47,51,0,160,v5.2.2,unavailable
esp32_20260808T132635Z_JPS_dynamic_100x100_density20_i0,JPS,replan,100,100,20,path_blocking,esp32_dynamic_100x100_density20_i1,7821,1,0,OK,1,1464,612,137657,255328,246456,98048,98048,0,none,none,47,51,0,160,v5.2.2,unavailable
esp32_20260808T132635Z_JPS_dynamic_100x100_density20_i0,JPS,initial,100,100,20,path_blocking,esp32_dynamic_100x100_density20_i1,7821,2,0,OK,1,1464,626,139639,255328,246408,98048,98048,0,none,none,47,51,0,160,v5.2.2,unavailable
esp32_20260808T132635Z_JPS_dynamic_100x100_density20_i0,JPS,replan,100,100,20,path_blocking,esp32_dynamic_100x100_density20_i1,7821,2,0,OK,1,1464,612,137653,255328,246456,98048,98048,0,none,none,47,51,0,160,v5.2.2,unavailable
esp32_20260808T132635Z_JPS_dynamic_100x100_density20_i0,JPS,initial,100,100,20,path_blocking,esp32_dynamic_100x100_density20_i2,7822,0,0,OK,1,1464,679,156751,255328,246416,78520,78520,0,none,none,52,45,0,160,v5.2.2,unavailable
esp32_20260808T132635Z_JPS_dynamic_100x100_density20_i0,JPS,replan,100,100,20,path_blocking,esp32_dynamic_100x100_density20_i2,7822,0,0,OK,1,1470,746,173726,255328,246400,78520,78520,0,none,none,52,45,0,160,v5.2.2,unavailable
esp32_20260808T132635Z_JPS_dynamic_100x100_density20_i0,JPS,initial,100,100,20,path_blocking,esp32_dynamic_100x100_density20_i2,7822,1,0,OK,1,1464,679,156822,255328,246416,78520,78520,0,none,none,52,45,0,160,v5.2.2,unavailable
esp32_20260808T132635Z_JPS_dynamic_100x100_density20_i0,JPS,replan,100,100,20,path_blocking,esp32_dynamic_100x100_density20_i2,7822,1,0,OK,1,1470,746,173738,255328,246400,78520,78520,0,none,none,52,45,0,160,v5.2.2,unavailable
esp32_20260808T132635Z_JPS_dynamic_100x100_density20_i0,JPS,initial,100,100,20,path_blocking,esp32_dynamic_100x100_density20_i2,7822,2,0,OK,1,1464,679,156818,255328,246416,78520,78520,0,none,none,52,45,0,160,v5.2.2,unavailable
esp32_20260808T132635Z_JPS_dynamic_100x100_density20_i0,JPS,replan,100,100,20,path_blocking,esp32_dynamic_100x100_density20_i2,7822,2,0,OK,1,1470,746,173733,255328,246400,78520,78520,0,none,none,52,45,0,160,v5.2.2,unavailable
esp32_20260808T132635Z_JPS_dynamic_100x100_density20_i0,JPS,initial,100,100,20,path_blocking,esp32_dynamic_100x100_density20_i3,7823,0,0,OK,1,1452,651,149975,255328,246408,78520,78520,0,none,none,48,54,0,160,v5.2.2,unavailable
esp32_20260808T132635Z_JPS_dynamic_100x100_density20_i0,JPS,replan,100,100,20,path_blocking,esp32_dynamic_100x100_density20_i3,7823,0,0,OK,1,1458,721,162158,255328,246392,78520,78520,0,none,none,48,54,0,160,v5.2.2,unavailable
esp32_20260808T132635Z_JPS_dynamic_100x100_density20_i0,JPS,initial,100,100,20,path_blocking,esp32_dynamic_100x100_density20_i3,7823,1,0,OK,1,1452,651,150052,255328,246408,78520,78520,0,none,none,48,54,0,160,v5.2.2,unavailable
esp32_20260808T132635Z_JPS_dynamic_100x100_density20_i0,JPS,replan,100,100,20,path_blocking,esp32_dynamic_100x100_density20_i3,7823,1,0,OK,1,1458,721,162157,255328,246392,78520,78520,0,none,none,48,54,0,160,v5.2.2,unavailable
esp32_20260808T132635Z_JPS_dynamic_100x100_density20_i0,JPS,initial,100,100,20,path_blocking,esp32_dynamic_100x100_density20_i3,7823,2,0,OK,1,1452,651,150057,255328,246408,78520,78520,0,none,none,48,54,0,160,v5.2.2,unavailable
esp32_20260808T132635Z_JPS_dynamic_100x100_density20_i0,JPS,replan,100,100,20,path_blocking,esp32_dynamic_100x100_density20_i3,7823,2,0,OK,1,1458,721,162156,255328,246392,78520,78520,0,none,none,48,54,0,160,v5.2.2,unavailable
esp32_20260808T132635Z_JPS_dynamic_100x100_density20_i0,JPS,initial,100,100,20,path_blocking,esp32_dynamic_100x100_density20_i4,7824,0,0,OK,1,1476,727,160068,255328,246440,78520,78520,0,none,none,47,51,0,160,v5.2.2,unavailable
esp32_20260808T132635Z_JPS_dynamic_100x100_density20_i0,JPS,replan,100,100,20,path_blocking,esp32_dynamic_100x100_density20_i4,7824,0,0,OK,1,1476,699,153613,255328,246440,78520,78520,0,none,none,47,51,0,160,v5.2.2,unavailable
esp32_20260808T132635Z_JPS_dynamic_100x100_density20_i0,JPS,initial,100,100,20,path_blocking,esp32_dynamic_100x100_density20_i4,7824,1,0,OK,1,1476,727,160127,255328,246440,78520,78520,0,none,none,47,51,0,160,v5.2.2,unavailable
esp32_20260808T132635Z_JPS_dynamic_100x100_density20_i0,JPS,replan,100,100,20,path_blocking,esp32_dynamic_100x100_density20_i4,7824,1,0,OK,1,1476,699,153601,255328,246440,78520,78520,0,none,none,47,51,0,160,v5.2.2,unavailable
esp32_20260808T132635Z_JPS_dynamic_100x100_density20_i0,JPS,initial,100,100,20,path_blocking,esp32_dynamic_100x100_density20_i4,7824,2,0,OK,1,1476,727,160124,255328,246440,78520,78520,0,none,none,47,51,0,160,v5.2.2,unavailable
esp32_20260808T132635Z_JPS_dynamic_100x100_density20_i0,JPS,replan,100,100,20,path_blocking,esp32_dynamic_100x100_density20_i4,7824,2,0,OK,1,1476,699,153600,255328,246440,78520,78520,0,none,none,47,51,0,160,v5.2.2,unavailable
esp32_20260808T132635Z_JPS_dynamic_100x100_density20_i0,JPS,initial,100,100,20,path_blocking,esp32_dynamic_100x100_density20_i5,7825,0,0,OK,1,1446,561,130358,255328,246392,78520,78520,0,none,none,49,52,0,160,v5.2.2,unavailable
esp32_20260808T132635Z_JPS_dynamic_100x100_density20_i0,JPS,replan,100,100,20,path_blocking,esp32_dynamic_100x100_density20_i5,7825,0,0,OK,1,1452,562,130884,255328,246384,78520,78520,0,none,none,49,52,0,160,v5.2.2,unavailable
esp32_20260808T132635Z_JPS_dynamic_100x100_density20_i0,JPS,initial,100,100,20,path_blocking,esp32_dynamic_100x100_density20_i5,7825,1,0,OK,1,1446,561,130436,255328,246392,78520,78520,0,none,none,49,52,0,160,v5.2.2,unavailable
esp32_20260808T132635Z_JPS_dynamic_100x100_density20_i0,JPS,replan,100,100,20,path_blocking,esp32_dynamic_100x100_density20_i5,7825,1,0,OK,1,1452,562,130884,255328,246384,78520,78520,0,none,none,49,52,0,160,v5.2.2,unavailable
esp32_20260808T132635Z_JPS_dynamic_100x100_density20_i0,JPS,initial,100,100,20,path_blocking,esp32_dynamic_100x100_density20_i5,7825,2,0,OK,1,1446,561,130439,255328,246392,78520,78520,0,none,none,49,52,0,160,v5.2.2,unavailable
esp32_20260808T132635Z_JPS_dynamic_100x100_density20_i0,JPS,replan,100,100,20,path_blocking,esp32_dynamic_100x100_density20_i5,7825,2,0,OK,1,1452,562,130885,255328,246384,78520,78520,0,none,none,49,52,0,160,v5.2.2,unavailable
esp32_20260808T132635Z_JPS_dynamic_100x100_density20_i0,JPS,initial,100,100,20,path_blocking,esp32_dynamic_100x100_density20_i6,7826,0,0,OK,1,1470,723,157710,255328,246384,46480,46480,0,none,none,48,55,0,160,v5.2.2,unavailable
esp32_20260808T132635Z_JPS_dynamic_100x100_density20_i0,JPS,replan,100,100,20,path_blocking,esp32_dynamic_100x100_density20_i6,7826,0,0,OK,1,1482,907,214307,255328,238192,46480,46480,0,none,none,48,55,0,160,v5.2.2,unavailable
esp32_20260808T132635Z_JPS_dynamic_100x100_density20_i0,JPS,initial,100,100,20,path_blocking,esp32_dynamic_100x100_density20_i6,7826,1,0,OK,1,1470,723,157771,255328,246384,46480,46480,0,none,none,48,55,0,160,v5.2.2,unavailable
esp32_20260808T132635Z_JPS_dynamic_100x100_density20_i0,JPS,replan,100,100,20,path_blocking,esp32_dynamic_100x100_density20_i6,7826,1,0,OK,1,1482,907,214326,255328,238192,46480,46480,0,none,none,48,55,0,160,v5.2.2,unavailable
esp32_20260808T132635Z_JPS_dynamic_100x100_density20_i0,JPS,initial,100,100,20,path_blocking,esp32_dynamic_100x100_density20_i6,7826,2,0,OK,1,1470,723,157771,255328,246384,46480,46480,0,none,none,48,55,0,160,v5.2.2,unavailable
esp32_20260808T132635Z_JPS_dynamic_100x100_density20_i0,JPS,replan,100,100,20,path_blocking,esp32_dynamic_100x100_density20_i6,7826,2,0,OK,1,1482,907,214305,255328,238192,46480,46480,0,none,none,48,55,0,160,v5.2.2,unavailable
esp32_20260808T132635Z_JPS_dynamic_100x100_density20_i0,JPS,initial,100,100,20,path_blocking,esp32_dynamic_100x100_density20_i7,7827,0,0,OK,1,1476,788,181174,255328,246384,46480,46480,0,none,none,53,43,0,160,v5.2.2,unavailable
esp32_20260808T132635Z_JPS_dynamic_100x100_density20_i0,JPS,replan,100,100,20,path_blocking,esp32_dynamic_100x100_density20_i7,7827,0,0,OK,1,1482,856,196972,255328,246448,46480,46480,0,none,none,53,43,0,160,v5.2.2,unavailable
esp32_20260808T132635Z_JPS_dynamic_100x100_density20_i0,JPS,initial,100,100,20,path_blocking,esp32_dynamic_100x100_density20_i7,7827,1,0,OK,1,1476,788,181242,255328,246384,46480,46480,0,none,none,53,43,0,160,v5.2.2,unavailable
esp32_20260808T132635Z_JPS_dynamic_100x100_density20_i0,JPS,replan,100,100,20,path_blocking,esp32_dynamic_100x100_density20_i7,7827,1,0,OK,1,1482,856,196964,255328,246448,46480,46480,0,none,none,53,43,0,160,v5.2.2,unavailable
esp32_20260808T132635Z_JPS_dynamic_100x100_density20_i0,JPS,initial,100,100,20,path_blocking,esp32_dynamic_100x100_density20_i7,7827,2,0,OK,1,1476,788,181246,255328,246384,46480,46480,0,none,none,53,43,0,160,v5.2.2,unavailable
esp32_20260808T132635Z_JPS_dynamic_100x100_density20_i0,JPS,replan,100,100,20,path_blocking,esp32_dynamic_100x100_density20_i7,7827,2,0,OK,1,1482,856,196972,255328,246448,46480,46480,0,none,none,53,43,0,160,v5.2.2,unavailable
esp32_20260808T132635Z_JPS_dynamic_100x100_density20_i0,JPS,initial,100,100,20,path_blocking,esp32_dynamic_100x100_density20_i8,7828,0,0,OK,1,1446,598,137248,255328,246464,46480,46480,0,none,none,48,52,0,160,v5.2.2,unavailable
esp32_20260808T132635Z_JPS_dynamic_100x100_density20_i0,JPS,replan,100,100,20,path_blocking,esp32_dynamic_100x100_density20_i8,7828,0,0,OK,1,1452,654,147908,255328,246456,46480,46480,0,none,none,48,52,0,160,v5.2.2,unavailable
esp32_20260808T132635Z_JPS_dynamic_100x100_density20_i0,JPS,initial,100,100,20,path_blocking,esp32_dynamic_100x100_density20_i8,7828,1,0,OK,1,1446,598,137307,255328,246464,46480,46480,0,none,none,48,52,0,160,v5.2.2,unavailable
esp32_20260808T132635Z_JPS_dynamic_100x100_density20_i0,JPS,replan,100,100,20,path_blocking,esp32_dynamic_100x100_density20_i8,7828,1,0,OK,1,1452,654,147901,255328,246456,46480,46480,0,none,none,48,52,0,160,v5.2.2,unavailable
esp32_20260808T132635Z_JPS_dynamic_100x100_density20_i0,JPS,initial,100,100,20,path_blocking,esp32_dynamic_100x100_density20_i8,7828,2,0,OK,1,1446,598,137307,255328,246464,46480,46480,0,none,none,48,52,0,160,v5.2.2,unavailable
esp32_20260808T132635Z_JPS_dynamic_100x100_density20_i0,JPS,replan,100,100,20,path_blocking,esp32_dynamic_100x100_density20_i8,7828,2,0,OK,1,1452,654,147902,255328,246456,46480,46480,0,none,none,48,52,0,160,v5.2.2,unavailable
esp32_20260808T132635Z_JPS_dynamic_100x100_density20_i0,JPS,initial,100,100,20,path_blocking,esp32_dynamic_100x100_density20_i9,7829,0,0,OK,1,1452,545,122631,255328,246512,46480,46480,0,none,none,52,48,0,160,v5.2.2,unavailable
esp32_20260808T132635Z_JPS_dynamic_100x100_density20_i0,JPS,replan,100,100,20,path_blocking,esp32_dynamic_100x100_density20_i9,7829,0,0,OK,1,1452,508,115509,255328,246512,46480,46480,0,none,none,52,48,0,160,v5.2.2,unavailable
esp32_20260808T132635Z_JPS_dynamic_100x100_density20_i0,JPS,initial,100,100,20,path_blocking,esp32_dynamic_100x100_density20_i9,7829,1,0,OK,1,1452,545,122703,255328,246512,46480,46480,0,none,none,52,48,0,160,v5.2.2,unavailable
esp32_20260808T132635Z_JPS_dynamic_100x100_density20_i0,JPS,replan,100,100,20,path_blocking,esp32_dynamic_100x100_density20_i9,7829,1,0,OK,1,1452,508,115514,255328,246512,46480,46480,0,none,none,52,48,0,160,v5.2.2,unavailable
esp32_20260808T132635Z_JPS_dynamic_100x100_density20_i0,JPS,initial,100,100,20,path_blocking,esp32_dynamic_100x100_density20_i9,7829,2,0,OK,1,1452,545,122704,255328,246512,46480,46480,0,none,none,52,48,0,160,v5.2.2,unavailable
esp32_20260808T132635Z_JPS_dynamic_100x100_density20_i0,JPS,replan,100,100,20,path_blocking,esp32_dynamic_100x100_density20_i9,7829,2,0,OK,1,1452,508,115513,255328,246512,46480,46480,0,none,none,52,48,0,160,v5.2.2,unavailable
esp32_20260808T132635Z_JPS_dynamic_500x500_density30_i0,JPS,initial_or_replan,500,500,30,path_blocking,esp32_dynamic_500x500_density30_i0,28030,0,0,OOM,0,-1,-1,-1,299384,299280,299280,299280,1000000,grid_allocation,bad_alloc_heap_callback,-1,-1,0,160,v5.2.2,unavailable
esp32_20260808T132635Z_JPS_dynamic_500x500_density30_i0,JPS,initial_or_replan,500,500,30,path_blocking,esp32_dynamic_500x500_density30_i0,28030,1,0,OOM,0,-1,-1,-1,299384,299280,299280,299280,1000000,grid_allocation,bad_alloc_heap_callback,-1,-1,0,160,v5.2.2,unavailable
esp32_20260808T132635Z_JPS_dynamic_500x500_density30_i0,JPS,initial_or_replan,500,500,30,path_blocking,esp32_dynamic_500x500_density30_i0,28030,2,0,OOM,0,-1,-1,-1,299384,299280,299280,299280,1000000,grid_allocation,bad_alloc_heap_callback,-1,-1,0,160,v5.2.2,unavailable
esp32_20260808T132635Z_JPS_dynamic_500x500_density30_i0,JPS,initial_or_replan,500,500,30,path_blocking,esp32_dynamic_500x500_density30_i1,28031,0,0,OOM,0,-1,-1,-1,299384,299280,299280,299280,1000000,grid_allocation,bad_alloc_heap_callback,-1,-1,0,160,v5.2.2,unavailable
esp32_20260808T132635Z_JPS_dynamic_500x500_density30_i0,JPS,initial_or_replan,500,500,30,path_blocking,esp32_dynamic_500x500_density30_i1,28031,1,0,OOM,0,-1,-1,-1,299384,299280,299280,299280,1000000,grid_allocation,bad_alloc_heap_callback,-1,-1,0,160,v5.2.2,unavailable
esp32_20260808T132635Z_JPS_dynamic_500x500_density30_i0,JPS,initial_or_replan,500,500,30,path_blocking,esp32_dynamic_500x500_density30_i1,28031,2,0,OOM,0,-1,-1,-1,299384,299280,299280,299280,1000000,grid_allocation,bad_alloc_heap_callback,-1,-1,0,160,v5.2.2,unavailable
esp32_20260808T132635Z_JPS_dynamic_500x500_density30_i0,JPS,initial_or_replan,500,500,30,path_blocking,esp32_dynamic_500x500_density30_i2,28032,0,0,OOM,0,-1,-1,-1,299384,299280,299280,299280,1000000,grid_allocation,bad_alloc_heap_callback,-1,-1,0,160,v5.2.2,unavailable
esp32_20260808T132635Z_JPS_dynamic_500x500_density30_i0,JPS,initial_or_replan,500,500,30,path_blocking,esp32_dynamic_500x500_density30_i2,28032,1,0,OOM,0,-1,-1,-1,299384,299280,299280,299280,1000000,grid_allocation,bad_alloc_heap_callback,-1,-1,0,160,v5.2.2,unavailable
esp32_20260808T132635Z_JPS_dynamic_500x500_density30_i0,JPS,initial_or_replan,500,500,30,path_blocking,esp32_dynamic_500x500_density30_i2,28032,2,0,OOM,0,-1,-1,-1,299384,299280,299280,299280,1000000,grid_allocation,bad_alloc_heap_callback,-1,-1,0,160,v5.2.2,unavailable
esp32_20260808T132635Z_JPS_dynamic_500x500_density30_i0,JPS,initial_or_replan,500,500,30,path_blocking,esp32_dynamic_500x500_density30_i3,28033,0,0,OOM,0,-1,-1,-1,299384,299280,299280,299280,1000000,grid_allocation,bad_alloc_heap_callback,-1,-1,0,160,v5.2.2,unavailable
esp32_20260808T132635Z_JPS_dynamic_500x500_density30_i0,JPS,initial_or_replan,500,500,30,path_blocking,esp32_dynamic_500x500_density30_i3,28033,1,0,OOM,0,-1,-1,-1,299384,299280,299280,299280,1000000,grid_allocation,bad_alloc_heap_callback,-1,-1,0,160,v5.2.2,unavailable
esp32_20260808T132635Z_JPS_dynamic_500x500_density30_i0,JPS,initial_or_replan,500,500,30,path_blocking,esp32_dynamic_500x500_density30_i3,28033,2,0,OOM,0,-1,-1,-1,299384,299280,299280,299280,1000000,grid_allocation,bad_alloc_heap_callback,-1,-1,0,160,v5.2.2,unavailable
esp32_20260808T132635Z_JPS_dynamic_500x500_density30_i0,JPS,initial_or_replan,500,500,30,path_blocking,esp32_dynamic_500x500_density30_i4,28034,0,0,OOM,0,-1,-1,-1,299384,299280,299280,299280,1000000,grid_allocation,bad_alloc_heap_callback,-1,-1,0,160,v5.2.2,unavailable
esp32_20260808T132635Z_JPS_dynamic_500x500_density30_i0,JPS,initial_or_replan,500,500,30,path_blocking,esp32_dynamic_500x500_density30_i4,28034,1,0,OOM,0,-1,-1,-1,299384,299280,299280,299280,1000000,grid_allocation,bad_alloc_heap_callback,-1,-1,0,160,v5.2.2,unavailable
esp32_20260808T132635Z_JPS_dynamic_500x500_density30_i0,JPS,initial_or_replan,500,500,30,path_blocking,esp32_dynamic_500x500_density30_i4,28034,2,0,OOM,0,-1,-1,-1,299384,299280,299280,299280,1000000,grid_allocation,bad_alloc_heap_callback,-1,-1,0,160,v5.2.2,unavailable
esp32_20260808T132635Z_JPS_dynamic_500x500_density30_i0,JPS,initial_or_replan,500,500,30,path_blocking,esp32_dynamic_500x500_density30_i5,28035,0,0,OOM,0,-1,-1,-1,299384,299280,299280,299280,1000000,grid_allocation,bad_alloc_heap_callback,-1,-1,0,160,v5.2.2,unavailable
esp32_20260808T132635Z_JPS_dynamic_500x500_density30_i0,JPS,initial_or_replan,500,500,30,path_blocking,esp32_dynamic_500x500_density30_i5,28035,1,0,OOM,0,-1,-1,-1,299384,299280,299280,299280,1000000,grid_allocation,bad_alloc_heap_callback,-1,-1,0,160,v5.2.2,unavailable
esp32_20260808T132635Z_JPS_dynamic_500x500_density30_i0,JPS,initial_or_replan,500,500,30,path_blocking,esp32_dynamic_500x500_density30_i5,28035,2,0,OOM,0,-1,-1,-1,299384,299280,299280,299280,1000000,grid_allocation,bad_alloc_heap_callback,-1,-1,0,160,v5.2.2,unavailable
esp32_20260808T132635Z_JPS_dynamic_500x500_density30_i0,JPS,initial_or_replan,500,500,30,path_blocking,esp32_dynamic_500x500_density30_i6,28036,0,0,OOM,0,-1,-1,-1,299384,299280,299280,299280,1000000,grid_allocation,bad_alloc_heap_callback,-1,-1,0,160,v5.2.2,unavailable
esp32_20260808T132635Z_JPS_dynamic_500x500_density30_i0,JPS,initial_or_replan,500,500,30,path_blocking,esp32_dynamic_500x500_density30_i6,28036,1,0,OOM,0,-1,-1,-1,299384,299280,299280,299280,1000000,grid_allocation,bad_alloc_heap_callback,-1,-1,0,160,v5.2.2,unavailable
esp32_20260808T132635Z_JPS_dynamic_500x500_density30_i0,JPS,initial_or_replan,500,500,30,path_blocking,esp32_dynamic_500x500_density30_i6,28036,2,0,OOM,0,-1,-1,-1,299384,299280,299280,299280,1000000,grid_allocation,bad_alloc_heap_callback,-1,-1,0,160,v5.2.2,unavailable
esp32_20260808T132635Z_JPS_dynamic_500x500_density30_i0,JPS,initial_or_replan,500,500,30,path_blocking,esp32_dynamic_500x500_density30_i7,28037,0,0,OOM,0,-1,-1,-1,299384,299280,299280,299280,1000000,grid_allocation,bad_alloc_heap_callback,-1,-1,0,160,v5.2.2,unavailable
esp32_20260808T132635Z_JPS_dynamic_500x500_density30_i0,JPS,initial_or_replan,500,500,30,path_blocking,esp32_dynamic_500x500_density30_i7,28037,1,0,OOM,0,-1,-1,-1,299384,299280,299280,299280,1000000,grid_allocation,bad_alloc_heap_callback,-1,-1,0,160,v5.2.2,unavailable
esp32_20260808T132635Z_JPS_dynamic_500x500_density30_i0,JPS,initial_or_replan,500,500,30,path_blocking,esp32_dynamic_500x500_density30_i7,28037,2,0,OOM,0,-1,-1,-1,299384,299280,299280,299280,1000000,grid_allocation,bad_alloc_heap_callback,-1,-1,0,160,v5.2.2,unavailable
esp32_20260808T132635Z_JPS_dynamic_500x500_density30_i0,JPS,initial_or_replan,500,500,30,path_blocking,esp32_dynamic_500x500_density30_i8,28038,0,0,OOM,0,-1,-1,-1,299384,299280,299280,299280,1000000,grid_allocation,bad_alloc_heap_callback,-1,-1,0,160,v5.2.2,unavailable
esp32_20260808T132635Z_JPS_dynamic_500x500_density30_i0,JPS,initial_or_replan,500,500,30,path_blocking,esp32_dynamic_500x500_density30_i8,28038,1,0,OOM,0,-1,-1,-1,299384,299280,299280,299280,1000000,grid_allocation,bad_alloc_heap_callback,-1,-1,0,160,v5.2.2,unavailable
esp32_20260808T132635Z_JPS_dynamic_500x500_density30_i0,JPS,initial_or_replan,500,500,30,path_blocking,esp32_dynamic_500x500_density30_i8,28038,2,0,OOM,0,-1,-1,-1,299384,299280,299280,299280,1000000,grid_allocation,bad_alloc_heap_callback,-1,-1,0,160,v5.2.2,unavailable
esp32_20260808T132635Z_JPS_dynamic_500x500_density30_i0,JPS,initial_or_replan,500,500,30,path_blocking,esp32_dynamic_500x500_density30_i9,28039,0,0,OOM,0,-1,-1,-1,299384,299280,299280,299280,1000000,grid_allocation,bad_alloc_heap_callback,-1,-1,0,160,v5.2.2,unavailable
esp32_20260808T132635Z_JPS_dynamic_500x500_density30_i0,JPS,initial_or_replan,500,500,30,path_blocking,esp32_dynamic_500x500_density30_i9,28039,1,0,OOM,0,-1,-1,-1,299384,299280,299280,299280,1000000,grid_allocation,bad_alloc_heap_callback,-1,-1,0,160,v5.2.2,unavailable
esp32_20260808T132635Z_JPS_dynamic_500x500_density30_i0,JPS,initial_or_replan,500,500,30,path_blocking,esp32_dynamic_500x500_density30_i9,28039,2,0,OOM,0,-1,-1,-1,299384,299280,299280,299280,1000000,grid_allocation,bad_alloc_heap_callback,-1,-1,0,160,v5.2.2,unavailable
esp32_20260808T132635Z_DStarLite_initial_50x50_density10_i0,DStarLite,initial,50,50,10,none,esp32_initial_50x50_density10_i0,4410,0,0,OK,1,704,215,202532,289428,259332,257712,257712,0,none,none,-1,-1,0,160,v5.2.2,unavailable
esp32_20260808T132635Z_DStarLite_initial_50x50_density10_i0,DStarLite,initial,50,50,10,none,esp32_initial_50x50_density10_i0,4410,1,0,OK,1,704,215,202599,289428,259332,257712,257712,0,none,none,-1,-1,0,160,v5.2.2,unavailable
esp32_20260808T132635Z_DStarLite_initial_50x50_density10_i0,DStarLite,initial,50,50,10,none,esp32_initial_50x50_density10_i0,4410,2,0,OK,1,704,215,202579,289428,259332,257712,257712,0,none,none,-1,-1,0,160,v5.2.2,unavailable
esp32_20260808T132635Z_DStarLite_initial_50x50_density10_i0,DStarLite,initial,50,50,10,none,esp32_initial_50x50_density10_i1,4411,0,0,OK,1,704,220,211723,289428,258912,257264,257264,0,none,none,-1,-1,0,160,v5.2.2,unavailable
esp32_20260808T132635Z_DStarLite_initial_50x50_density10_i0,DStarLite,initial,50,50,10,none,esp32_initial_50x50_density10_i1,4411,1,0,OK,1,704,220,211797,289428,258912,257264,257264,0,none,none,-1,-1,0,160,v5.2.2,unavailable
esp32_20260808T132635Z_DStarLite_initial_50x50_density10_i0,DStarLite,initial,50,50,10,none,esp32_initial_50x50_density10_i1,4411,2,0,OK,1,704,220,211790,289428,258912,257264,257264,0,none,none,-1,-1,0,160,v5.2.2,unavailable
esp32_20260808T132635Z_DStarLite_initial_50x50_density10_i0,DStarLite,initial,50,50,10,none,esp32_initial_50x50_density10_i2,4412,0,0,OK,1,710,349,325597,289428,246468,244804,244804,0,none,none,-1,-1,0,160,v5.2.2,unavailable
esp32_20260808T132635Z_DStarLite_initial_50x50_density10_i0,DStarLite,initial,50,50,10,none,esp32_initial_50x50_density10_i2,4412,1,0,OK,1,710,349,325669,289428,246468,244804,244804,0,none,none,-1,-1,0,160,v5.2.2,unavailable
esp32_20260808T132635Z_DStarLite_initial_50x50_density10_i0,DStarLite,initial,50,50,10,none,esp32_initial_50x50_density10_i2,4412,2,0,OK,1,710,349,325676,289428,246468,244804,244804,0,none,none,-1,-1,0,160,v5.2.2,unavailable
esp32_20260808T132635Z_DStarLite_initial_50x50_density10_i0,DStarLite,initial,50,50,10,none,esp32_initial_50x50_density10_i3,4413,0,0,OK,1,704,251,235822,289428,252660,244804,244804,0,none,none,-1,-1,0,160,v5.2.2,unavailable
esp32_20260808T132635Z_DStarLite_initial_50x50_density10_i0,DStarLite,initial,50,50,10,none,esp32_initial_50x50_density10_i3,4413,1,0,OK,1,704,251,235894,289428,252660,244804,244804,0,none,none,-1,-1,0,160,v5.2.2,unavailable
esp32_20260808T132635Z_DStarLite_initial_50x50_density10_i0,DStarLite,initial,50,50,10,none,esp32_initial_50x50_density10_i3,4413,2,0,OK,1,704,251,235882,289428,252660,244804,244804,0,none,none,-1,-1,0,160,v5.2.2,unavailable
esp32_20260808T132635Z_DStarLite_initial_50x50_density10_i0,DStarLite,initial,50,50,10,none,esp32_initial_50x50_density10_i4,4414,0,0,OK,1,710,281,260054,289428,250352,244804,244804,0,none,none,-1,-1,0,160,v5.2.2,unavailable
esp32_20260808T132635Z_DStarLite_initial_50x50_density10_i0,DStarLite,initial,50,50,10,none,esp32_initial_50x50_density10_i4,4414,1,0,OK,1,710,281,260119,289428,250352,244804,244804,0,none,none,-1,-1,0,160,v5.2.2,unavailable
esp32_20260808T132635Z_DStarLite_initial_50x50_density10_i0,DStarLite,initial,50,50,10,none,esp32_initial_50x50_density10_i4,4414,2,0,OK,1,710,281,260119,289428,250352,244804,244804,0,none,none,-1,-1,0,160,v5.2.2,unavailable
esp32_20260808T132635Z_DStarLite_initial_50x50_density10_i0,DStarLite,initial,50,50,10,none,esp32_initial_50x50_density10_i5,4415,0,0,OK,1,698,142,137481,289428,263848,244804,244804,0,none,none,-1,-1,0,160,v5.2.2,unavailable
esp32_20260808T132635Z_DStarLite_initial_50x50_density10_i0,DStarLite,initial,50,50,10,none,esp32_initial_50x50_density10_i5,4415,1,0,OK,1,698,142,137550,289428,263848,244804,244804,0,none,none,-1,-1,0,160,v5.2.2,unavailable
esp32_20260808T132635Z_DStarLite_initial_50x50_density10_i0,DStarLite,initial,50,50,10,none,esp32_initial_50x50_density10_i5,4415,2,0,OK,1,698,142,137539,289428,263848,244804,244804,0,none,none,-1,-1,0,160,v5.2.2,unavailable
esp32_20260808T132635Z_DStarLite_initial_50x50_density10_i0,DStarLite,initial,50,50,10,none,esp32_initial_50x50_density10_i6,4416,0,0,OK,1,692,96,97408,289428,267064,244804,244804,0,none,none,-1,-1,0,160,v5.2.2,unavailable
esp32_20260808T132635Z_DStarLite_initial_50x50_density10_i0,DStarLite,initial,50,50,10,none,esp32_initial_50x50_density10_i6,4416,1,0,OK,1,692,96,97480,289428,267064,244804,244804,0,none,none,-1,-1,0,160,v5.2.2,unavailable
esp32_20260808T132635Z_DStarLite_initial_50x50_density10_i0,DStarLite,initial,50,50,10,none,esp32_initial_50x50_density10_i6,4416,2,0,OK,1,692,96,97475,289428,267064,244804,244804,0,none,none,-1,-1,0,160,v5.2.2,unavailable
esp32_20260808T132635Z_DStarLite_initial_50x50_density10_i0,DStarLite,initial,50,50,10,none,esp32_initial_50x50_density10_i7,4417,0,0,OK,1,686,50,56872,289428,269272,244804,244804,0,none,none,-1,-1,0,160,v5.2.2,unavailable
esp32_20260808T132635Z_DStarLite_initial_50x50_density10_i0,DStarLite,initial,50,50,10,none,esp32_initial_50x50_density10_i7,4417,1,0,OK,1,686,50,56965,289428,269272,244804,244804,0,none,none,-1,-1,0,160,v5.2.2,unavailable
esp32_20260808T132635Z_DStarLite_initial_50x50_density10_i0,DStarLite,initial,50,50,10,none,esp32_initial_50x50_density10_i7,4417,2,0,OK,1,686,50,56948,289428,269272,244804,244804,0,none,none,-1,-1,0,160,v5.2.2,unavailable
esp32_20260808T132635Z_DStarLite_initial_50x50_density10_i0,DStarLite,initial,50,50,10,none,esp32_initial_50x50_density10_i8,4418,0,0,OK,1,710,282,264910,289428,254552,244804,244804,0,none,none,-1,-1,0,160,v5.2.2,unavailable
esp32_20260808T132635Z_DStarLite_initial_50x50_density10_i0,DStarLite,initial,50,50,10,none,esp32_initial_50x50_density10_i8,4418,1,0,OK,1,710,282,264974,289428,254552,244804,244804,0,none,none,-1,-1,0,160,v5.2.2,unavailable
esp32_20260808T132635Z_DStarLite_initial_50x50_density10_i0,DStarLite,initial,50,50,10,none,esp32_initial_50x50_density10_i8,4418,2,0,OK,1,710,282,264967,289428,254552,244804,244804,0,none,none,-1,-1,0,160,v5.2.2,unavailable
esp32_20260808T132635Z_DStarLite_initial_50x50_density10_i0,DStarLite,initial,50,50,10,none,esp32_initial_50x50_density10_i9,4419,0,0,OK,1,698,152,148626,289428,262680,244804,244804,0,none,none,-1,-1,0,160,v5.2.2,unavailable
esp32_20260808T132635Z_DStarLite_initial_50x50_density10_i0,DStarLite,initial,50,50,10,none,esp32_initial_50x50_density10_i9,4419,1,0,OK,1,698,152,148704,289428,262680,244804,244804,0,none,none,-1,-1,0,160,v5.2.2,unavailable
esp32_20260808T132635Z_DStarLite_initial_50x50_density10_i0,DStarLite,initial,50,50,10,none,esp32_initial_50x50_density10_i9,4419,2,0,OK,1,698,152,148682,289428,262680,244804,244804,0,none,none,-1,-1,0,160,v5.2.2,unavailable
esp32_20260808T132635Z_DStarLite_initial_100x100_density20_i0,DStarLite,initial,100,100,20,none,esp32_initial_100x100_density20_i0,7820,0,0,OK,1,1452,995,830175,259428,166272,163028,163028,0,none,none,-1,-1,0,160,v5.2.2,unavailable
esp32_20260808T132635Z_DStarLite_initial_100x100_density20_i0,DStarLite,initial,100,100,20,none,esp32_initial_100x100_density20_i0,7820,1,0,OK,1,1452,995,830259,259428,166272,163028,163028,0,none,none,-1,-1,0,160,v5.2.2,unavailable
esp32_20260808T132635Z_DStarLite_initial_100x100_density20_i0,DStarLite,initial,100,100,20,none,esp32_initial_100x100_density20_i0,7820,2,0,OK,1,1452,995,830267,259428,166272,163028,163028,0,none,none,-1,-1,0,160,v5.2.2,unavailable
esp32_20260808T132635Z_DStarLite_initial_100x100_density20_i0,DStarLite,initial,100,100,20,none,esp32_initial_100x100_density20_i1,7821,0,0,OK,1,1464,1410,1175279,259428,137320,133992,133992,0,none,none,-1,-1,0,160,v5.2.2,unavailable
esp32_20260808T132635Z_DStarLite_initial_100x100_density20_i0,DStarLite,initial,100,100,20,none,esp32_initial_100x100_density20_i1,7821,1,0,OK,1,1464,1410,1175366,259428,137320,133992,133992,0,none,none,-1,-1,0,160,v5.2.2,unavailable
esp32_20260808T132635Z_DStarLite_initial_100x100_density20_i0,DStarLite,initial,100,100,20,none,esp32_initial_100x100_density20_i1,7821,2,0,OK,1,1464,1410,1175340,259428,137320,133992,133992,0,none,none,-1,-1,0,160,v5.2.2,unavailable
esp32_20260808T132635Z_DStarLite_initial_100x100_density20_i0,DStarLite,initial,100,100,20,none,esp32_initial_100x100_density20_i2,7822,0,0,OK,1,1464,1469,1247501,259428,131744,128408,128408,0,none,none,-1,-1,0,160,v5.2.2,unavailable
esp32_20260808T132635Z_DStarLite_initial_100x100_density20_i0,DStarLite,initial,100,100,20,none,esp32_initial_100x100_density20_i2,7822,1,0,OK,1,1464,1469,1247543,259428,131744,128408,128408,0,none,none,-1,-1,0,160,v5.2.2,unavailable
esp32_20260808T132635Z_DStarLite_initial_100x100_density20_i0,DStarLite,initial,100,100,20,none,esp32_initial_100x100_density20_i2,7822,2,0,OK,1,1464,1469,1247551,259428,131744,128408,128408,0,none,none,-1,-1,0,160,v5.2.2,unavailable
esp32_20260808T132635Z_DStarLite_initial_100x100_density20_i0,DStarLite,initial,100,100,20,none,esp32_initial_100x100_density20_i3,7823,0,0,OK,1,1452,888,767176,259428,171404,128408,128408,0,none,none,-1,-1,0,160,v5.2.2,unavailable
esp32_20260808T132635Z_DStarLite_initial_100x100_density20_i0,DStarLite,initial,100,100,20,none,esp32_initial_100x100_density20_i3,7823,1,0,OK,1,1452,888,767235,259428,171404,128408,128408,0,none,none,-1,-1,0,160,v5.2.2,unavailable
esp32_20260808T132635Z_DStarLite_initial_100x100_density20_i0,DStarLite,initial,100,100,20,none,esp32_initial_100x100_density20_i3,7823,2,0,OK,1,1452,888,767224,259428,171404,128408,128408,0,none,none,-1,-1,0,160,v5.2.2,unavailable
esp32_20260808T132635Z_DStarLite_initial_100x100_density20_i0,DStarLite,initial,100,100,20,none,esp32_initial_100x100_density20_i4,7824,0,0,OK,1,1476,1432,1222564,259428,135084,128408,128408,0,none,none,-1,-1,0,160,v5.2.2,unavailable
esp32_20260808T132635Z_DStarLite_initial_100x100_density20_i0,DStarLite,initial,100,100,20,none,esp32_initial_100x100_density20_i4,7824,1,0,OK,1,1476,1432,1222672,259428,135084,128408,128408,0,none,none,-1,-1,0,160,v5.2.2,unavailable
esp32_20260808T132635Z_DStarLite_initial_100x100_density20_i0,DStarLite,initial,100,100,20,none,esp32_initial_100x100_density20_i4,7824,2,0,OK,1,1476,1432,1222678,259428,135084,128408,128408,0,none,none,-1,-1,0,160,v5.2.2,unavailable
esp32_20260808T132635Z_DStarLite_initial_100x100_density20_i0,DStarLite,initial,100,100,20,none,esp32_initial_100x100_density20_i5,7825,0,0,OK,1,1446,848,714573,259428,174816,128408,128408,0,none,none,-1,-1,0,160,v5.2.2,unavailable
esp32_20260808T132635Z_DStarLite_initial_100x100_density20_i0,DStarLite,initial,100,100,20,none,esp32_initial_100x100_density20_i5,7825,1,0,OK,1,1446,848,714648,259428,174816,128408,128408,0,none,none,-1,-1,0,160,v5.2.2,unavailable
esp32_20260808T132635Z_DStarLite_initial_100x100_density20_i0,DStarLite,initial,100,100,20,none,esp32_initial_100x100_density20_i5,7825,2,0,OK,1,1446,848,714649,259428,174816,128408,128408,0,none,none,-1,-1,0,160,v5.2.2,unavailable
esp32_20260808T132635Z_DStarLite_initial_100x100_density20_i0,DStarLite,initial,100,100,20,none,esp32_initial_100x100_density20_i6,7826,0,0,OK,1,1470,1199,988536,259428,151280,128408,128408,0,none,none,-1,-1,0,160,v5.2.2,unavailable
esp32_20260808T132635Z_DStarLite_initial_100x100_density20_i0,DStarLite,initial,100,100,20,none,esp32_initial_100x100_density20_i6,7826,1,0,OK,1,1470,1199,988616,259428,151280,128408,128408,0,none,none,-1,-1,0,160,v5.2.2,unavailable
esp32_20260808T132635Z_DStarLite_initial_100x100_density20_i0,DStarLite,initial,100,100,20,none,esp32_initial_100x100_density20_i6,7826,2,0,OK,1,1470,1199,988601,259428,151280,128408,128408,0,none,none,-1,-1,0,160,v5.2.2,unavailable
esp32_20260808T132635Z_DStarLite_initial_100x100_density20_i0,DStarLite,initial,100,100,20,none,esp32_initial_100x100_density20_i7,7827,0,0,OK,1,1476,1461,1225853,259428,133496,128336,128336,0,none,none,-1,-1,0,160,v5.2.2,unavailable
esp32_20260808T132635Z_DStarLite_initial_100x100_density20_i0,DStarLite,initial,100,100,20,none,esp32_initial_100x100_density20_i7,7827,1,0,OK,1,1476,1461,1225911,259428,133496,128336,128336,0,none,none,-1,-1,0,160,v5.2.2,unavailable
esp32_20260808T132635Z_DStarLite_initial_100x100_density20_i0,DStarLite,initial,100,100,20,none,esp32_initial_100x100_density20_i7,7827,2,0,OK,1,1476,1461,1225905,259428,133496,128336,128336,0,none,none,-1,-1,0,160,v5.2.2,unavailable
esp32_20260808T132635Z_DStarLite_initial_100x100_density20_i0,DStarLite,initial,100,100,20,none,esp32_initial_100x100_density20_i8,7828,0,0,OK,1,1446,972,821146,259428,165500,128336,128336,0,none,none,-1,-1,0,160,v5.2.2,unavailable
esp32_20260808T132635Z_DStarLite_initial_100x100_density20_i0,DStarLite,initial,100,100,20,none,esp32_initial_100x100_density20_i8,7828,1,0,OK,1,1446,972,821219,259428,165500,128336,128336,0,none,none,-1,-1,0,160,v5.2.2,unavailable
esp32_20260808T132635Z_DStarLite_initial_100x100_density20_i0,DStarLite,initial,100,100,20,none,esp32_initial_100x100_density20_i8,7828,2,0,OK,1,1446,972,821224,259428,165500,128336,128336,0,none,none,-1,-1,0,160,v5.2.2,unavailable
esp32_20260808T132635Z_DStarLite_initial_100x100_density20_i0,DStarLite,initial,100,100,20,none,esp32_initial_100x100_density20_i9,7829,0,0,OK,1,1452,1000,845115,259428,164912,128336,128336,0,none,none,-1,-1,0,160,v5.2.2,unavailable
esp32_20260808T132635Z_DStarLite_initial_100x100_density20_i0,DStarLite,initial,100,100,20,none,esp32_initial_100x100_density20_i9,7829,1,0,OK,1,1452,1000,845182,259428,164912,128336,128336,0,none,none,-1,-1,0,160,v5.2.2,unavailable
esp32_20260808T132635Z_DStarLite_initial_100x100_density20_i0,DStarLite,initial,100,100,20,none,esp32_initial_100x100_density20_i9,7829,2,0,OK,1,1452,1000,845177,259428,164912,128336,128336,0,none,none,-1,-1,0,160,v5.2.2,unavailable
esp32_20260808T132635Z_DStarLite_initial_500x500_density20_i0,DStarLite,initial,500,500,20,none,esp32_initial_500x500_density20_i0,27020,0,0,OOM,0,-1,-1,-1,299384,299280,299280,299280,1000000,grid_allocation,bad_alloc_heap_callback,-1,-1,0,160,v5.2.2,unavailable
esp32_20260808T132635Z_DStarLite_initial_500x500_density20_i0,DStarLite,initial,500,500,20,none,esp32_initial_500x500_density20_i0,27020,1,0,OOM,0,-1,-1,-1,299384,299280,299280,299280,1000000,grid_allocation,bad_alloc_heap_callback,-1,-1,0,160,v5.2.2,unavailable
esp32_20260808T132635Z_DStarLite_initial_500x500_density20_i0,DStarLite,initial,500,500,20,none,esp32_initial_500x500_density20_i0,27020,2,0,OOM,0,-1,-1,-1,299384,299280,299280,299280,1000000,grid_allocation,bad_alloc_heap_callback,-1,-1,0,160,v5.2.2,unavailable
esp32_20260808T132635Z_DStarLite_initial_500x500_density20_i0,DStarLite,initial,500,500,20,none,esp32_initial_500x500_density20_i1,27021,0,0,OOM,0,-1,-1,-1,299384,299280,299280,299280,1000000,grid_allocation,bad_alloc_heap_callback,-1,-1,0,160,v5.2.2,unavailable
esp32_20260808T132635Z_DStarLite_initial_500x500_density20_i0,DStarLite,initial,500,500,20,none,esp32_initial_500x500_density20_i1,27021,1,0,OOM,0,-1,-1,-1,299384,299280,299280,299280,1000000,grid_allocation,bad_alloc_heap_callback,-1,-1,0,160,v5.2.2,unavailable
esp32_20260808T132635Z_DStarLite_initial_500x500_density20_i0,DStarLite,initial,500,500,20,none,esp32_initial_500x500_density20_i1,27021,2,0,OOM,0,-1,-1,-1,299384,299280,299280,299280,1000000,grid_allocation,bad_alloc_heap_callback,-1,-1,0,160,v5.2.2,unavailable
esp32_20260808T132635Z_DStarLite_initial_500x500_density20_i0,DStarLite,initial,500,500,20,none,esp32_initial_500x500_density20_i2,27022,0,0,OOM,0,-1,-1,-1,299384,299280,299280,299280,1000000,grid_allocation,bad_alloc_heap_callback,-1,-1,0,160,v5.2.2,unavailable
esp32_20260808T132635Z_DStarLite_initial_500x500_density20_i0,DStarLite,initial,500,500,20,none,esp32_initial_500x500_density20_i2,27022,1,0,OOM,0,-1,-1,-1,299384,299280,299280,299280,1000000,grid_allocation,bad_alloc_heap_callback,-1,-1,0,160,v5.2.2,unavailable
esp32_20260808T132635Z_DStarLite_initial_500x500_density20_i0,DStarLite,initial,500,500,20,none,esp32_initial_500x500_density20_i2,27022,2,0,OOM,0,-1,-1,-1,299384,299280,299280,299280,1000000,grid_allocation,bad_alloc_heap_callback,-1,-1,0,160,v5.2.2,unavailable
esp32_20260808T132635Z_DStarLite_initial_500x500_density20_i0,DStarLite,initial,500,500,20,none,esp32_initial_500x500_density20_i3,27023,0,0,OOM,0,-1,-1,-1,299384,299280,299280,299280,1000000,grid_allocation,bad_alloc_heap_callback,-1,-1,0,160,v5.2.2,unavailable
esp32_20260808T132635Z_DStarLite_initial_500x500_density20_i0,DStarLite,initial,500,500,20,none,esp32_initial_500x500_density20_i3,27023,1,0,OOM,0,-1,-1,-1,299384,299280,299280,299280,1000000,grid_allocation,bad_alloc_heap_callback,-1,-1,0,160,v5.2.2,unavailable
esp32_20260808T132635Z_DStarLite_initial_500x500_density20_i0,DStarLite,initial,500,500,20,none,esp32_initial_500x500_density20_i3,27023,2,0,OOM,0,-1,-1,-1,299384,299280,299280,299280,1000000,grid_allocation,bad_alloc_heap_callback,-1,-1,0,160,v5.2.2,unavailable
esp32_20260808T132635Z_DStarLite_initial_500x500_density20_i0,DStarLite,initial,500,500,20,none,esp32_initial_500x500_density20_i4,27024,0,0,OOM,0,-1,-1,-1,299384,299280,299280,299280,1000000,grid_allocation,bad_alloc_heap_callback,-1,-1,0,160,v5.2.2,unavailable
esp32_20260808T132635Z_DStarLite_initial_500x500_density20_i0,DStarLite,initial,500,500,20,none,esp32_initial_500x500_density20_i4,27024,1,0,OOM,0,-1,-1,-1,299384,299280,299280,299280,1000000,grid_allocation,bad_alloc_heap_callback,-1,-1,0,160,v5.2.2,unavailable
esp32_20260808T132635Z_DStarLite_initial_500x500_density20_i0,DStarLite,initial,500,500,20,none,esp32_initial_500x500_density20_i4,27024,2,0,OOM,0,-1,-1,-1,299384,299280,299280,299280,1000000,grid_allocation,bad_alloc_heap_callback,-1,-1,0,160,v5.2.2,unavailable
esp32_20260808T132635Z_DStarLite_initial_500x500_density20_i0,DStarLite,initial,500,500,20,none,esp32_initial_500x500_density20_i5,27025,0,0,OOM,0,-1,-1,-1,299384,299280,299280,299280,1000000,grid_allocation,bad_alloc_heap_callback,-1,-1,0,160,v5.2.2,unavailable
esp32_20260808T132635Z_DStarLite_initial_500x500_density20_i0,DStarLite,initial,500,500,20,none,esp32_initial_500x500_density20_i5,27025,1,0,OOM,0,-1,-1,-1,299384,299280,299280,299280,1000000,grid_allocation,bad_alloc_heap_callback,-1,-1,0,160,v5.2.2,unavailable
esp32_20260808T132635Z_DStarLite_initial_500x500_density20_i0,DStarLite,initial,500,500,20,none,esp32_initial_500x500_density20_i5,27025,2,0,OOM,0,-1,-1,-1,299384,299280,299280,299280,1000000,grid_allocation,bad_alloc_heap_callback,-1,-1,0,160,v5.2.2,unavailable
esp32_20260808T132635Z_DStarLite_initial_500x500_density20_i0,DStarLite,initial,500,500,20,none,esp32_initial_500x500_density20_i6,27026,0,0,OOM,0,-1,-1,-1,299384,299280,299280,299280,1000000,grid_allocation,bad_alloc_heap_callback,-1,-1,0,160,v5.2.2,unavailable
esp32_20260808T132635Z_DStarLite_initial_500x500_density20_i0,DStarLite,initial,500,500,20,none,esp32_initial_500x500_density20_i6,27026,1,0,OOM,0,-1,-1,-1,299384,299280,299280,299280,1000000,grid_allocation,bad_alloc_heap_callback,-1,-1,0,160,v5.2.2,unavailable
esp32_20260808T132635Z_DStarLite_initial_500x500_density20_i0,DStarLite,initial,500,500,20,none,esp32_initial_500x500_density20_i6,27026,2,0,OOM,0,-1,-1,-1,299384,299280,299280,299280,1000000,grid_allocation,bad_alloc_heap_callback,-1,-1,0,160,v5.2.2,unavailable
esp32_20260808T132635Z_DStarLite_initial_500x500_density20_i0,DStarLite,initial,500,500,20,none,esp32_initial_500x500_density20_i7,27027,0,0,OOM,0,-1,-1,-1,299384,299280,299280,299280,1000000,grid_allocation,bad_alloc_heap_callback,-1,-1,0,160,v5.2.2,unavailable
esp32_20260808T132635Z_DStarLite_initial_500x500_density20_i0,DStarLite,initial,500,500,20,none,esp32_initial_500x500_density20_i7,27027,1,0,OOM,0,-1,-1,-1,299384,299280,299280,299280,1000000,grid_allocation,bad_alloc_heap_callback,-1,-1,0,160,v5.2.2,unavailable
esp32_20260808T132635Z_DStarLite_initial_500x500_density20_i0,DStarLite,initial,500,500,20,none,esp32_initial_500x500_density20_i7,27027,2,0,OOM,0,-1,-1,-1,299384,299280,299280,299280,1000000,grid_allocation,bad_alloc_heap_callback,-1,-1,0,160,v5.2.2,unavailable
esp32_20260808T132635Z_DStarLite_initial_500x500_density20_i0,DStarLite,initial,500,500,20,none,esp32_initial_500x500_density20_i8,27028,0,0,OOM,0,-1,-1,-1,299384,299280,299280,299280,1000000,grid_allocation,bad_alloc_heap_callback,-1,-1,0,160,v5.2.2,unavailable
esp32_20260808T132635Z_DStarLite_initial_500x500_density20_i0,DStarLite,initial,500,500,20,none,esp32_initial_500x500_density20_i8,27028,1,0,OOM,0,-1,-1,-1,299384,299280,299280,299280,1000000,grid_allocation,bad_alloc_heap_callback,-1,-1,0,160,v5.2.2,unavailable
esp32_20260808T132635Z_DStarLite_initial_500x500_density20_i0,DStarLite,initial,500,500,20,none,esp32_initial_500x500_density20_i8,27028,2,0,OOM,0,-1,-1,-1,299384,299280,299280,299280,1000000,grid_allocation,bad_alloc_heap_callback,-1,-1,0,160,v5.2.2,unavailable
esp32_20260808T132635Z_DStarLite_initial_500x500_density20_i0,DStarLite,initial,500,500,20,none,esp32_initial_500x500_density20_i9,27029,0,0,OOM,0,-1,-1,-1,299384,299280,299280,299280,1000000,grid_allocation,bad_alloc_heap_callback,-1,-1,0,160,v5.2.2,unavailable
esp32_20260808T132635Z_DStarLite_initial_500x500_density20_i0,DStarLite,initial,500,500,20,none,esp32_initial_500x500_density20_i9,27029,1,0,OOM,0,-1,-1,-1,299384,299280,299280,299280,1000000,grid_allocation,bad_alloc_heap_callback,-1,-1,0,160,v5.2.2,unavailable
esp32_20260808T132635Z_DStarLite_initial_500x500_density20_i0,DStarLite,initial,500,500,20,none,esp32_initial_500x500_density20_i9,27029,2,0,OOM,0,-1,-1,-1,299384,299280,299280,299280,1000000,grid_allocation,bad_alloc_heap_callback,-1,-1,0,160,v5.2.2,unavailable
esp32_20260808T132635Z_DStarLite_dynamic_50x50_density10_i0,DStarLite,initial,50,50,10,path_blocking,esp32_dynamic_50x50_density10_i0,4410,0,0,OK,1,704,215,202519,289428,259332,249168,249168,0,none,none,24,25,0,160,v5.2.2,unavailable
esp32_20260808T132635Z_DStarLite_dynamic_50x50_density10_i0,DStarLite,repair,50,50,10,path_blocking,esp32_dynamic_50x50_density10_i0,4410,0,0,OK,1,704,215,7144,259848,259332,249168,249168,0,none,none,24,25,0,160,v5.2.2,unavailable
esp32_20260808T132635Z_DStarLite_dynamic_50x50_density10_i0,DStarLite,initial,50,50,10,path_blocking,esp32_dynamic_50x50_density10_i0,4410,1,0,OK,1,704,215,202559,289428,259332,249168,249168,0,none,none,24,25,0,160,v5.2.2,unavailable
esp32_20260808T132635Z_DStarLite_dynamic_50x50_density10_i0,DStarLite,repair,50,50,10,path_blocking,esp32_dynamic_50x50_density10_i0,4410,1,0,OK,1,704,215,7144,259848,259332,249168,249168,0,none,none,24,25,0,160,v5.2.2,unavailable
esp32_20260808T132635Z_DStarLite_dynamic_50x50_density10_i0,DStarLite,initial,50,50,10,path_blocking,esp32_dynamic_50x50_density10_i0,4410,2,0,OK,1,704,215,202558,289428,259332,249168,249168,0,none,none,24,25,0,160,v5.2.2,unavailable
esp32_20260808T132635Z_DStarLite_dynamic_50x50_density10_i0,DStarLite,repair,50,50,10,path_blocking,esp32_dynamic_50x50_density10_i0,4410,2,0,OK,1,704,215,7140,259848,259332,249168,249168,0,none,none,24,25,0,160,v5.2.2,unavailable
esp32_20260808T132635Z_DStarLite_dynamic_50x50_density10_i0,DStarLite,initial,50,50,10,path_blocking,esp32_dynamic_50x50_density10_i1,4411,0,0,OK,1,704,220,211709,289428,258912,243444,243444,0,none,none,25,26,0,160,v5.2.2,unavailable
esp32_20260808T132635Z_DStarLite_dynamic_50x50_density10_i0,DStarLite,repair,50,50,10,path_blocking,esp32_dynamic_50x50_density10_i1,4411,0,0,OK,1,704,220,7213,259428,258912,243444,243444,0,none,none,25,26,0,160,v5.2.2,unavailable
esp32_20260808T132635Z_DStarLite_dynamic_50x50_density10_i0,DStarLite,initial,50,50,10,path_blocking,esp32_dynamic_50x50_density10_i1,4411,1,0,OK,1,704,220,211753,289428,258912,243444,243444,0,none,none,25,26,0,160,v5.2.2,unavailable
esp32_20260808T132635Z_DStarLite_dynamic_50x50_density10_i0,DStarLite,repair,50,50,10,path_blocking,esp32_dynamic_50x50_density10_i1,4411,1,0,OK,1,704,220,7205,259428,258912,243444,243444,0,none,none,25,26,0,160,v5.2.2,unavailable
esp32_20260808T132635Z_DStarLite_dynamic_50x50_density10_i0,DStarLite,initial,50,50,10,path_blocking,esp32_dynamic_50x50_density10_i1,4411,2,0,OK,1,704,220,211748,289428,258912,243444,243444,0,none,none,25,26,0,160,v5.2.2,unavailable
esp32_20260808T132635Z_DStarLite_dynamic_50x50_density10_i0,DStarLite,repair,50,50,10,path_blocking,esp32_dynamic_50x50_density10_i1,4411,2,0,OK,1,704,220,7208,259428,258912,243444,243444,0,none,none,25,26,0,160,v5.2.2,unavailable
esp32_20260808T132635Z_DStarLite_dynamic_50x50_density10_i0,DStarLite,initial,50,50,10,path_blocking,esp32_dynamic_50x50_density10_i2,4412,0,0,OK,1,710,349,325583,289428,246468,240368,240368,0,none,none,24,24,0,160,v5.2.2,unavailable
esp32_20260808T132635Z_DStarLite_dynamic_50x50_density10_i0,DStarLite,repair,50,50,10,path_blocking,esp32_dynamic_50x50_density10_i2,4412,0,0,OK,1,710,349,7343,246984,246468,240368,240368,0,none,none,24,24,0,160,v5.2.2,unavailable
esp32_20260808T132635Z_DStarLite_dynamic_50x50_density10_i0,DStarLite,initial,50,50,10,path_blocking,esp32_dynamic_50x50_density10_i2,4412,1,0,OK,1,710,349,325625,289428,246468,240368,240368,0,none,none,24,24,0,160,v5.2.2,unavailable
esp32_20260808T132635Z_DStarLite_dynamic_50x50_density10_i0,DStarLite,repair,50,50,10,path_blocking,esp32_dynamic_50x50_density10_i2,4412,1,0,OK,1,710,349,7346,246984,246468,240368,240368,0,none,none,24,24,0,160,v5.2.2,unavailable
esp32_20260808T132635Z_DStarLite_dynamic_50x50_density10_i0,DStarLite,initial,50,50,10,path_blocking,esp32_dynamic_50x50_density10_i2,4412,2,0,OK,1,710,349,325625,289428,246468,240368,240368,0,none,none,24,24,0,160,v5.2.2,unavailable
esp32_20260808T132635Z_DStarLite_dynamic_50x50_density10_i0,DStarLite,repair,50,50,10,path_blocking,esp32_dynamic_50x50_density10_i2,4412,2,0,OK,1,710,349,7342,246984,246468,240368,240368,0,none,none,24,24,0,160,v5.2.2,unavailable
esp32_20260808T132635Z_DStarLite_dynamic_50x50_density10_i0,DStarLite,initial,50,50,10,path_blocking,esp32_dynamic_50x50_density10_i3,4413,0,0,OK,1,704,251,235768,289428,252660,240368,240368,0,none,none,23,25,0,160,v5.2.2,unavailable
esp32_20260808T132635Z_DStarLite_dynamic_50x50_density10_i0,DStarLite,repair,50,50,10,path_blocking,esp32_dynamic_50x50_density10_i3,4413,0,0,OK,1,704,255,10820,253176,252660,240368,240368,0,none,none,23,25,0,160,v5.2.2,unavailable
esp32_20260808T132635Z_DStarLite_dynamic_50x50_density10_i0,DStarLite,initial,50,50,10,path_blocking,esp32_dynamic_50x50_density10_i3,4413,1,0,OK,1,704,251,235831,289428,252660,240368,240368,0,none,none,23,25,0,160,v5.2.2,unavailable
esp32_20260808T132635Z_DStarLite_dynamic_50x50_density10_i0,DStarLite,repair,50,50,10,path_blocking,esp32_dynamic_50x50_density10_i3,4413,1,0,OK,1,704,255,10815,253176,252660,240368,240368,0,none,none,23,25,0,160,v5.2.2,unavailable
esp32_20260808T132635Z_DStarLite_dynamic_50x50_density10_i0,DStarLite,initial,50,50,10,path_blocking,esp32_dynamic_50x50_density10_i3,4413,2,0,OK,1,704,251,235826,289428,252660,240368,240368,0,none,none,23,25,0,160,v5.2.2,unavailable
esp32_20260808T132635Z_DStarLite_dynamic_50x50_density10_i0,DStarLite,repair,50,50,10,path_blocking,esp32_dynamic_50x50_density10_i3,4413,2,0,OK,1,704,255,10813,253176,252660,240368,240368,0,none,none,23,25,0,160,v5.2.2,unavailable
esp32_20260808T132635Z_DStarLite_dynamic_50x50_density10_i0,DStarLite,initial,50,50,10,path_blocking,esp32_dynamic_50x50_density10_i4,4414,0,0,OK,1,710,281,260027,289428,250352,240368,240368,0,none,none,26,25,0,160,v5.2.2,unavailable
esp32_20260808T132635Z_DStarLite_dynamic_50x50_density10_i0,DStarLite,repair,50,50,10,path_blocking,esp32_dynamic_50x50_density10_i4,4414,0,0,OK,1,710,281,7245,250868,250320,240368,240368,0,none,none,26,25,0,160,v5.2.2,unavailable
esp32_20260808T132635Z_DStarLite_dynamic_50x50_density10_i0,DStarLite,initial,50,50,10,path_blocking,esp32_dynamic_50x50_density10_i4,4414,1,0,OK,1,710,281,260070,289428,250352,240368,240368,0,none,none,26,25,0,160,v5.2.2,unavailable
esp32_20260808T132635Z_DStarLite_dynamic_50x50_density10_i0,DStarLite,repair,50,50,10,path_blocking,esp32_dynamic_50x50_density10_i4,4414,1,0,OK,1,710,281,7243,250868,250320,240368,240368,0,none,none,26,25,0,160,v5.2.2,unavailable
esp32_20260808T132635Z_DStarLite_dynamic_50x50_density10_i0,DStarLite,initial,50,50,10,path_blocking,esp32_dynamic_50x50_density10_i4,4414,2,0,OK,1,710,281,260072,289428,250352,240368,240368,0,none,none,26,25,0,160,v5.2.2,unavailable
esp32_20260808T132635Z_DStarLite_dynamic_50x50_density10_i0,DStarLite,repair,50,50,10,path_blocking,esp32_dynamic_50x50_density10_i4,4414,2,0,OK,1,710,281,7240,250868,250320,240368,240368,0,none,none,26,25,0,160,v5.2.2,unavailable
esp32_20260808T132635Z_DStarLite_dynamic_50x50_density10_i0,DStarLite,initial,50,50,10,path_blocking,esp32_dynamic_50x50_density10_i5,4415,0,0,OK,1,698,142,137444,289428,263848,240368,240368,0,none,none,25,25,0,160,v5.2.2,unavailable
esp32_20260808T132635Z_DStarLite_dynamic_50x50_density10_i0,DStarLite,repair,50,50,10,path_blocking,esp32_dynamic_50x50_density10_i5,4415,0,0,OK,1,698,142,7057,264364,263848,240368,240368,0,none,none,25,25,0,160,v5.2.2,unavailable
esp32_20260808T132635Z_DStarLite_dynamic_50x50_density10_i0,DStarLite,initial,50,50,10,path_blocking,esp32_dynamic_50x50_density10_i5,4415,1,0,OK,1,698,142,137495,289428,263848,240368,240368,0,none,none,25,25,0,160,v5.2.2,unavailable
esp32_20260808T132635Z_DStarLite_dynamic_50x50_density10_i0,DStarLite,repair,50,50,10,path_blocking,esp32_dynamic_50x50_density10_i5,4415,1,0,OK,1,698,142,7050,264364,263848,240368,240368,0,none,none,25,25,0,160,v5.2.2,unavailable
esp32_20260808T132635Z_DStarLite_dynamic_50x50_density10_i0,DStarLite,initial,50,50,10,path_blocking,esp32_dynamic_50x50_density10_i5,4415,2,0,OK,1,698,142,137500,289428,263848,240368,240368,0,none,none,25,25,0,160,v5.2.2,unavailable
esp32_20260808T132635Z_DStarLite_dynamic_50x50_density10_i0,DStarLite,repair,50,50,10,path_blocking,esp32_dynamic_50x50_density10_i5,4415,2,0,OK,1,698,142,7053,264364,263848,240368,240368,0,none,none,25,25,0,160,v5.2.2,unavailable
esp32_20260808T132635Z_DStarLite_dynamic_50x50_density10_i0,DStarLite,initial,50,50,10,path_blocking,esp32_dynamic_50x50_density10_i6,4416,0,0,OK,1,692,96,97364,289428,267064,240368,240368,0,none,none,25,25,0,160,v5.2.2,unavailable
esp32_20260808T132635Z_DStarLite_dynamic_50x50_density10_i0,DStarLite,repair,50,50,10,path_blocking,esp32_dynamic_50x50_density10_i6,4416,0,0,OK,1,692,96,6931,267580,267100,240368,240368,0,none,none,25,25,0,160,v5.2.2,unavailable
esp32_20260808T132635Z_DStarLite_dynamic_50x50_density10_i0,DStarLite,initial,50,50,10,path_blocking,esp32_dynamic_50x50_density10_i6,4416,1,0,OK,1,692,96,97431,289428,267064,240368,240368,0,none,none,25,25,0,160,v5.2.2,unavailable
esp32_20260808T132635Z_DStarLite_dynamic_50x50_density10_i0,DStarLite,repair,50,50,10,path_blocking,esp32_dynamic_50x50_density10_i6,4416,1,0,OK,1,692,96,6925,267580,267100,240368,240368,0,none,none,25,25,0,160,v5.2.2,unavailable
esp32_20260808T132635Z_DStarLite_dynamic_50x50_density10_i0,DStarLite,initial,50,50,10,path_blocking,esp32_dynamic_50x50_density10_i6,4416,2,0,OK,1,692,96,97426,289428,267064,240368,240368,0,none,none,25,25,0,160,v5.2.2,unavailable
esp32_20260808T132635Z_DStarLite_dynamic_50x50_density10_i0,DStarLite,repair,50,50,10,path_blocking,esp32_dynamic_50x50_density10_i6,4416,2,0,OK,1,692,96,6928,267580,267100,240368,240368,0,none,none,25,25,0,160,v5.2.2,unavailable
esp32_20260808T132635Z_DStarLite_dynamic_50x50_density10_i0,DStarLite,initial,50,50,10,path_blocking,esp32_dynamic_50x50_density10_i7,4417,0,0,OK,1,686,50,56839,289428,269272,240368,240368,0,none,none,25,25,0,160,v5.2.2,unavailable
esp32_20260808T132635Z_DStarLite_dynamic_50x50_density10_i0,DStarLite,repair,50,50,10,path_blocking,esp32_dynamic_50x50_density10_i7,4417,0,0,OK,1,698,220,161828,269788,258040,240368,240368,0,none,none,25,25,0,160,v5.2.2,unavailable
esp32_20260808T132635Z_DStarLite_dynamic_50x50_density10_i0,DStarLite,initial,50,50,10,path_blocking,esp32_dynamic_50x50_density10_i7,4417,1,0,OK,1,686,50,56898,289428,269272,240368,240368,0,none,none,25,25,0,160,v5.2.2,unavailable
esp32_20260808T132635Z_DStarLite_dynamic_50x50_density10_i0,DStarLite,repair,50,50,10,path_blocking,esp32_dynamic_50x50_density10_i7,4417,1,0,OK,1,698,220,161822,269788,258040,240368,240368,0,none,none,25,25,0,160,v5.2.2,unavailable
esp32_20260808T132635Z_DStarLite_dynamic_50x50_density10_i0,DStarLite,initial,50,50,10,path_blocking,esp32_dynamic_50x50_density10_i7,4417,2,0,OK,1,686,50,56899,289428,269272,240368,240368,0,none,none,25,25,0,160,v5.2.2,unavailable
esp32_20260808T132635Z_DStarLite_dynamic_50x50_density10_i0,DStarLite,repair,50,50,10,path_blocking,esp32_dynamic_50x50_density10_i7,4417,2,0,OK,1,698,220,161823,269788,258040,240368,240368,0,none,none,25,25,0,160,v5.2.2,unavailable
esp32_20260808T132635Z_DStarLite_dynamic_50x50_density10_i0,DStarLite,initial,50,50,10,path_blocking,esp32_dynamic_50x50_density10_i8,4418,0,0,OK,1,710,282,264842,289428,254552,230940,230940,0,none,none,26,24,0,160,v5.2.2,unavailable
esp32_20260808T132635Z_DStarLite_dynamic_50x50_density10_i0,DStarLite,repair,50,50,10,path_blocking,esp32_dynamic_50x50_density10_i8,4418,0,0,OK,1,716,579,281476,255068,242744,230940,230940,0,none,none,26,24,0,160,v5.2.2,unavailable
esp32_20260808T132635Z_DStarLite_dynamic_50x50_density10_i0,DStarLite,initial,50,50,10,path_blocking,esp32_dynamic_50x50_density10_i8,4418,1,0,OK,1,710,282,264903,289428,254552,230940,230940,0,none,none,26,24,0,160,v5.2.2,unavailable
esp32_20260808T132635Z_DStarLite_dynamic_50x50_density10_i0,DStarLite,repair,50,50,10,path_blocking,esp32_dynamic_50x50_density10_i8,4418,1,0,OK,1,716,579,281474,255068,242744,230940,230940,0,none,none,26,24,0,160,v5.2.2,unavailable
esp32_20260808T132635Z_DStarLite_dynamic_50x50_density10_i0,DStarLite,initial,50,50,10,path_blocking,esp32_dynamic_50x50_density10_i8,4418,2,0,OK,1,710,282,264910,289428,254552,230940,230940,0,none,none,26,24,0,160,v5.2.2,unavailable
esp32_20260808T132635Z_DStarLite_dynamic_50x50_density10_i0,DStarLite,repair,50,50,10,path_blocking,esp32_dynamic_50x50_density10_i8,4418,2,0,OK,1,716,579,281474,255068,242744,230940,230940,0,none,none,26,24,0,160,v5.2.2,unavailable
esp32_20260808T132635Z_DStarLite_dynamic_50x50_density10_i0,DStarLite,initial,50,50,10,path_blocking,esp32_dynamic_50x50_density10_i9,4419,0,0,OK,1,698,152,148604,289428,262680,230940,230940,0,none,none,25,25,0,160,v5.2.2,unavailable
esp32_20260808T132635Z_DStarLite_dynamic_50x50_density10_i0,DStarLite,repair,50,50,10,path_blocking,esp32_dynamic_50x50_density10_i9,4419,0,0,OK,1,698,152,7098,263196,262680,230940,230940,0,none,none,25,25,0,160,v5.2.2,unavailable
esp32_20260808T132635Z_DStarLite_dynamic_50x50_density10_i0,DStarLite,initial,50,50,10,path_blocking,esp32_dynamic_50x50_density10_i9,4419,1,0,OK,1,698,152,148655,289428,262680,230940,230940,0,none,none,25,25,0,160,v5.2.2,unavailable
esp32_20260808T132635Z_DStarLite_dynamic_50x50_density10_i0,DStarLite,repair,50,50,10,path_blocking,esp32_dynamic_50x50_density10_i9,4419,1,0,OK,1,698,152,7090,263196,262680,230940,230940,0,none,none,25,25,0,160,v5.2.2,unavailable
esp32_20260808T132635Z_DStarLite_dynamic_50x50_density10_i0,DStarLite,initial,50,50,10,path_blocking,esp32_dynamic_50x50_density10_i9,4419,2,0,OK,1,698,152,148649,289428,262680,230940,230940,0,none,none,25,25,0,160,v5.2.2,unavailable
esp32_20260808T132635Z_DStarLite_dynamic_50x50_density10_i0,DStarLite,repair,50,50,10,path_blocking,esp32_dynamic_50x50_density10_i9,4419,2,0,OK,1,698,152,7094,263196,262680,230940,230940,0,none,none,25,25,0,160,v5.2.2,unavailable
esp32_20260808T132635Z_DStarLite_dynamic_100x100_density20_i0,DStarLite,initial,100,100,20,path_blocking,esp32_dynamic_100x100_density20_i0,7820,0,0,OK,1,1452,995,830153,259428,166272,98088,98088,0,none,none,51,49,0,160,v5.2.2,unavailable
esp32_20260808T132635Z_DStarLite_dynamic_100x100_density20_i0,DStarLite,repair,100,100,20,path_blocking,esp32_dynamic_100x100_density20_i0,7820,0,0,OK,1,1464,1691,609348,167300,144504,98088,98088,0,none,none,51,49,0,160,v5.2.2,unavailable
esp32_20260808T132635Z_DStarLite_dynamic_100x100_density20_i0,DStarLite,initial,100,100,20,path_blocking,esp32_dynamic_100x100_density20_i0,7820,1,0,OK,1,1452,995,830196,259428,166272,98088,98088,0,none,none,51,49,0,160,v5.2.2,unavailable
esp32_20260808T132635Z_DStarLite_dynamic_100x100_density20_i0,DStarLite,repair,100,100,20,path_blocking,esp32_dynamic_100x100_density20_i0,7820,1,0,OK,1,1464,1691,609338,167300,144504,98088,98088,0,none,none,51,49,0,160,v5.2.2,unavailable
esp32_20260808T132635Z_DStarLite_dynamic_100x100_density20_i0,DStarLite,initial,100,100,20,path_blocking,esp32_dynamic_100x100_density20_i0,7820,2,0,OK,1,1452,995,830196,259428,166272,98088,98088,0,none,none,51,49,0,160,v5.2.2,unavailable
esp32_20260808T132635Z_DStarLite_dynamic_100x100_density20_i0,DStarLite,repair,100,100,20,path_blocking,esp32_dynamic_100x100_density20_i0,7820,2,0,OK,1,1464,1691,609352,167300,144504,98088,98088,0,none,none,51,49,0,160,v5.2.2,unavailable
esp32_20260808T132635Z_DStarLite_dynamic_100x100_density20_i0,DStarLite,initial,100,100,20,path_blocking,esp32_dynamic_100x100_density20_i1,7821,0,0,OK,1,1464,1410,1175196,259428,137320,96612,96612,0,none,none,47,51,0,160,v5.2.2,unavailable
esp32_20260808T132635Z_DStarLite_dynamic_100x100_density20_i0,DStarLite,repair,100,100,20,path_blocking,esp32_dynamic_100x100_density20_i1,7821,0,0,OK,1,1464,1816,361127,138348,129100,96612,96612,0,none,none,47,51,0,160,v5.2.2,unavailable
esp32_20260808T132635Z_DStarLite_dynamic_100x100_density20_i0,DStarLite,initial,100,100,20,path_blocking,esp32_dynamic_100x100_density20_i1,7821,1,0,OK,1,1464,1410,1175263,259428,137320,96612,96612,0,none,none,47,51,0,160,v5.2.2,unavailable
esp32_20260808T132635Z_DStarLite_dynamic_100x100_density20_i0,DStarLite,repair,100,100,20,path_blocking,esp32_dynamic_100x100_density20_i1,7821,1,0,OK,1,1464,1816,361114,138348,129100,96612,96612,0,none,none,47,51,0,160,v5.2.2,unavailable
esp32_20260808T132635Z_DStarLite_dynamic_100x100_density20_i0,DStarLite,initial,100,100,20,path_blocking,esp32_dynamic_100x100_density20_i1,7821,2,0,OK,1,1464,1410,1175271,259428,137320,96612,96612,0,none,none,47,51,0,160,v5.2.2,unavailable
esp32_20260808T132635Z_DStarLite_dynamic_100x100_density20_i0,DStarLite,repair,100,100,20,path_blocking,esp32_dynamic_100x100_density20_i1,7821,2,0,OK,1,1464,1816,361118,138348,129100,96612,96612,0,none,none,47,51,0,160,v5.2.2,unavailable
esp32_20260808T132635Z_DStarLite_dynamic_100x100_density20_i0,DStarLite,initial,100,100,20,path_blocking,esp32_dynamic_100x100_density20_i2,7822,0,0,OK,1,1464,1469,1247432,259428,131744,78540,78540,0,none,none,52,45,0,160,v5.2.2,unavailable
esp32_20260808T132635Z_DStarLite_dynamic_100x100_density20_i0,DStarLite,repair,100,100,20,path_blocking,esp32_dynamic_100x100_density20_i2,7822,0,0,OK,1,1470,2165,654372,132772,114108,78540,78540,0,none,none,52,45,0,160,v5.2.2,unavailable
esp32_20260808T132635Z_DStarLite_dynamic_100x100_density20_i0,DStarLite,initial,100,100,20,path_blocking,esp32_dynamic_100x100_density20_i2,7822,1,0,OK,1,1464,1469,1247513,259428,131744,78540,78540,0,none,none,52,45,0,160,v5.2.2,unavailable
esp32_20260808T132635Z_DStarLite_dynamic_100x100_density20_i0,DStarLite,repair,100,100,20,path_blocking,esp32_dynamic_100x100_density20_i2,7822,1,0,OK,1,1470,2165,654371,132772,114108,78540,78540,0,none,none,52,45,0,160,v5.2.2,unavailable
esp32_20260808T132635Z_DStarLite_dynamic_100x100_density20_i0,DStarLite,initial,100,100,20,path_blocking,esp32_dynamic_100x100_density20_i2,7822,2,0,OK,1,1464,1469,1247488,259428,131744,78540,78540,0,none,none,52,45,0,160,v5.2.2,unavailable
esp32_20260808T132635Z_DStarLite_dynamic_100x100_density20_i0,DStarLite,repair,100,100,20,path_blocking,esp32_dynamic_100x100_density20_i2,7822,2,0,OK,1,1470,2165,654376,132772,114108,78540,78540,0,none,none,52,45,0,160,v5.2.2,unavailable
esp32_20260808T132635Z_DStarLite_dynamic_100x100_density20_i0,DStarLite,initial,100,100,20,path_blocking,esp32_dynamic_100x100_density20_i3,7823,0,0,OK,1,1452,888,767113,259428,171404,78540,78540,0,none,none,48,54,0,160,v5.2.2,unavailable
esp32_20260808T132635Z_DStarLite_dynamic_100x100_density20_i0,DStarLite,repair,100,100,20,path_blocking,esp32_dynamic_100x100_density20_i3,7823,0,0,OK,1,1458,1395,463504,172432,154596,78540,78540,0,none,none,48,54,0,160,v5.2.2,unavailable
esp32_20260808T132635Z_DStarLite_dynamic_100x100_density20_i0,DStarLite,initial,100,100,20,path_blocking,esp32_dynamic_100x100_density20_i3,7823,1,0,OK,1,1452,888,767166,259428,171404,78540,78540,0,none,none,48,54,0,160,v5.2.2,unavailable
esp32_20260808T132635Z_DStarLite_dynamic_100x100_density20_i0,DStarLite,repair,100,100,20,path_blocking,esp32_dynamic_100x100_density20_i3,7823,1,0,OK,1,1458,1395,463505,172432,154596,78540,78540,0,none,none,48,54,0,160,v5.2.2,unavailable
esp32_20260808T132635Z_DStarLite_dynamic_100x100_density20_i0,DStarLite,initial,100,100,20,path_blocking,esp32_dynamic_100x100_density20_i3,7823,2,0,OK,1,1452,888,767174,259428,171404,78540,78540,0,none,none,48,54,0,160,v5.2.2,unavailable
esp32_20260808T132635Z_DStarLite_dynamic_100x100_density20_i0,DStarLite,repair,100,100,20,path_blocking,esp32_dynamic_100x100_density20_i3,7823,2,0,OK,1,1458,1395,463497,172432,154596,78540,78540,0,none,none,48,54,0,160,v5.2.2,unavailable
esp32_20260808T132635Z_DStarLite_dynamic_100x100_density20_i0,DStarLite,initial,100,100,20,path_blocking,esp32_dynamic_100x100_density20_i4,7824,0,0,OK,1,1476,1432,1222545,259428,135084,78520,78520,0,none,none,47,51,0,160,v5.2.2,unavailable
esp32_20260808T132635Z_DStarLite_dynamic_100x100_density20_i0,DStarLite,repair,100,100,20,path_blocking,esp32_dynamic_100x100_density20_i4,7824,0,0,OK,1,1476,1432,16727,136112,135052,78520,78520,0,none,none,47,51,0,160,v5.2.2,unavailable
esp32_20260808T132635Z_DStarLite_dynamic_100x100_density20_i0,DStarLite,initial,100,100,20,path_blocking,esp32_dynamic_100x100_density20_i4,7824,1,0,OK,1,1476,1432,1222599,259428,135084,78520,78520,0,none,none,47,51,0,160,v5.2.2,unavailable
esp32_20260808T132635Z_DStarLite_dynamic_100x100_density20_i0,DStarLite,repair,100,100,20,path_blocking,esp32_dynamic_100x100_density20_i4,7824,1,0,OK,1,1476,1432,16730,136112,135052,78520,78520,0,none,none,47,51,0,160,v5.2.2,unavailable
esp32_20260808T132635Z_DStarLite_dynamic_100x100_density20_i0,DStarLite,initial,100,100,20,path_blocking,esp32_dynamic_100x100_density20_i4,7824,2,0,OK,1,1476,1432,1222596,259428,135084,78520,78520,0,none,none,47,51,0,160,v5.2.2,unavailable
esp32_20260808T132635Z_DStarLite_dynamic_100x100_density20_i0,DStarLite,repair,100,100,20,path_blocking,esp32_dynamic_100x100_density20_i4,7824,2,0,OK,1,1476,1432,16724,136112,135052,78520,78520,0,none,none,47,51,0,160,v5.2.2,unavailable
esp32_20260808T132635Z_DStarLite_dynamic_100x100_density20_i0,DStarLite,initial,100,100,20,path_blocking,esp32_dynamic_100x100_density20_i5,7825,0,0,OK,1,1446,848,714497,259428,174816,78520,78520,0,none,none,49,52,0,160,v5.2.2,unavailable
esp32_20260808T132635Z_DStarLite_dynamic_100x100_density20_i0,DStarLite,repair,100,100,20,path_blocking,esp32_dynamic_100x100_density20_i5,7825,0,0,OK,1,1452,1451,545064,175844,160872,78520,78520,0,none,none,49,52,0,160,v5.2.2,unavailable
esp32_20260808T132635Z_DStarLite_dynamic_100x100_density20_i0,DStarLite,initial,100,100,20,path_blocking,esp32_dynamic_100x100_density20_i5,7825,1,0,OK,1,1446,848,714583,259428,174816,78520,78520,0,none,none,49,52,0,160,v5.2.2,unavailable
esp32_20260808T132635Z_DStarLite_dynamic_100x100_density20_i0,DStarLite,repair,100,100,20,path_blocking,esp32_dynamic_100x100_density20_i5,7825,1,0,OK,1,1452,1451,545053,175844,160872,78520,78520,0,none,none,49,52,0,160,v5.2.2,unavailable
esp32_20260808T132635Z_DStarLite_dynamic_100x100_density20_i0,DStarLite,initial,100,100,20,path_blocking,esp32_dynamic_100x100_density20_i5,7825,2,0,OK,1,1446,848,714574,259428,174816,78520,78520,0,none,none,49,52,0,160,v5.2.2,unavailable
esp32_20260808T132635Z_DStarLite_dynamic_100x100_density20_i0,DStarLite,repair,100,100,20,path_blocking,esp32_dynamic_100x100_density20_i5,7825,2,0,OK,1,1452,1451,545047,175844,160872,78520,78520,0,none,none,49,52,0,160,v5.2.2,unavailable
esp32_20260808T132635Z_DStarLite_dynamic_100x100_density20_i0,DStarLite,initial,100,100,20,path_blocking,esp32_dynamic_100x100_density20_i6,7826,0,0,OK,1,1470,1199,988484,259428,151280,46480,46480,0,none,none,48,55,0,160,v5.2.2,unavailable
esp32_20260808T132635Z_DStarLite_dynamic_100x100_density20_i0,DStarLite,repair,100,100,20,path_blocking,esp32_dynamic_100x100_density20_i6,7826,0,0,OK,1,1482,1813,551436,152308,125760,46480,46480,0,none,none,48,55,0,160,v5.2.2,unavailable
esp32_20260808T132635Z_DStarLite_dynamic_100x100_density20_i0,DStarLite,initial,100,100,20,path_blocking,esp32_dynamic_100x100_density20_i6,7826,1,0,OK,1,1470,1199,988526,259428,151280,46480,46480,0,none,none,48,55,0,160,v5.2.2,unavailable
esp32_20260808T132635Z_DStarLite_dynamic_100x100_density20_i0,DStarLite,repair,100,100,20,path_blocking,esp32_dynamic_100x100_density20_i6,7826,1,0,OK,1,1482,1813,551443,152308,125760,46480,46480,0,none,none,48,55,0,160,v5.2.2,unavailable
esp32_20260808T132635Z_DStarLite_dynamic_100x100_density20_i0,DStarLite,initial,100,100,20,path_blocking,esp32_dynamic_100x100_density20_i6,7826,2,0,OK,1,1470,1199,988542,259428,151280,46480,46480,0,none,none,48,55,0,160,v5.2.2,unavailable
esp32_20260808T132635Z_DStarLite_dynamic_100x100_density20_i0,DStarLite,repair,100,100,20,path_blocking,esp32_dynamic_100x100_density20_i6,7826,2,0,OK,1,1482,1813,551443,152308,125760,46480,46480,0,none,none,48,55,0,160,v5.2.2,unavailable
esp32_20260808T132635Z_DStarLite_dynamic_100x100_density20_i0,DStarLite,initial,100,100,20,path_blocking,esp32_dynamic_100x100_density20_i7,7827,0,0,OK,1,1476,1461,1225801,259428,133496,46480,46480,0,none,none,53,43,0,160,v5.2.2,unavailable
esp32_20260808T132635Z_DStarLite_dynamic_100x100_density20_i0,DStarLite,repair,100,100,20,path_blocking,esp32_dynamic_100x100_density20_i7,7827,0,0,OK,1,1482,2064,544241,134524,112468,46480,46480,0,none,none,53,43,0,160,v5.2.2,unavailable
esp32_20260808T132635Z_DStarLite_dynamic_100x100_density20_i0,DStarLite,initial,100,100,20,path_blocking,esp32_dynamic_100x100_density20_i7,7827,1,0,OK,1,1476,1461,1225832,259428,133496,46480,46480,0,none,none,53,43,0,160,v5.2.2,unavailable
esp32_20260808T132635Z_DStarLite_dynamic_100x100_density20_i0,DStarLite,repair,100,100,20,path_blocking,esp32_dynamic_100x100_density20_i7,7827,1,0,OK,1,1482,2064,544227,134524,112468,46480,46480,0,none,none,53,43,0,160,v5.2.2,unavailable
esp32_20260808T132635Z_DStarLite_dynamic_100x100_density20_i0,DStarLite,initial,100,100,20,path_blocking,esp32_dynamic_100x100_density20_i7,7827,2,0,OK,1,1476,1461,1225837,259428,133496,46480,46480,0,none,none,53,43,0,160,v5.2.2,unavailable
esp32_20260808T132635Z_DStarLite_dynamic_100x100_density20_i0,DStarLite,repair,100,100,20,path_blocking,esp32_dynamic_100x100_density20_i7,7827,2,0,OK,1,1482,2064,544234,134524,112468,46480,46480,0,none,none,53,43,0,160,v5.2.2,unavailable
esp32_20260808T132635Z_DStarLite_dynamic_100x100_density20_i0,DStarLite,initial,100,100,20,path_blocking,esp32_dynamic_100x100_density20_i8,7828,0,0,OK,1,1446,972,821096,259428,165500,46480,46480,0,none,none,48,52,0,160,v5.2.2,unavailable
esp32_20260808T132635Z_DStarLite_dynamic_100x100_density20_i0,DStarLite,repair,100,100,20,path_blocking,esp32_dynamic_100x100_density20_i8,7828,0,0,OK,1,1452,1624,571414,166528,148736,46480,46480,0,none,none,48,52,0,160,v5.2.2,unavailable
esp32_20260808T132635Z_DStarLite_dynamic_100x100_density20_i0,DStarLite,initial,100,100,20,path_blocking,esp32_dynamic_100x100_density20_i8,7828,1,0,OK,1,1446,972,821169,259428,165500,46480,46480,0,none,none,48,52,0,160,v5.2.2,unavailable
esp32_20260808T132635Z_DStarLite_dynamic_100x100_density20_i0,DStarLite,repair,100,100,20,path_blocking,esp32_dynamic_100x100_density20_i8,7828,1,0,OK,1,1452,1624,571419,166528,148736,46480,46480,0,none,none,48,52,0,160,v5.2.2,unavailable
esp32_20260808T132635Z_DStarLite_dynamic_100x100_density20_i0,DStarLite,initial,100,100,20,path_blocking,esp32_dynamic_100x100_density20_i8,7828,2,0,OK,1,1446,972,821169,259428,165500,46480,46480,0,none,none,48,52,0,160,v5.2.2,unavailable
esp32_20260808T132635Z_DStarLite_dynamic_100x100_density20_i0,DStarLite,repair,100,100,20,path_blocking,esp32_dynamic_100x100_density20_i8,7828,2,0,OK,1,1452,1624,571411,166528,148736,46480,46480,0,none,none,48,52,0,160,v5.2.2,unavailable
esp32_20260808T132635Z_DStarLite_dynamic_100x100_density20_i0,DStarLite,initial,100,100,20,path_blocking,esp32_dynamic_100x100_density20_i9,7829,0,0,OK,1,1452,1000,845050,259428,164912,46480,46480,0,none,none,52,48,0,160,v5.2.2,unavailable
esp32_20260808T132635Z_DStarLite_dynamic_100x100_density20_i0,DStarLite,repair,100,100,20,path_blocking,esp32_dynamic_100x100_density20_i9,7829,0,0,OK,1,1452,1032,39319,165940,164780,46480,46480,0,none,none,52,48,0,160,v5.2.2,unavailable
esp32_20260808T132635Z_DStarLite_dynamic_100x100_density20_i0,DStarLite,initial,100,100,20,path_blocking,esp32_dynamic_100x100_density20_i9,7829,1,0,OK,1,1452,1000,845109,259428,164912,46480,46480,0,none,none,52,48,0,160,v5.2.2,unavailable
esp32_20260808T132635Z_DStarLite_dynamic_100x100_density20_i0,DStarLite,repair,100,100,20,path_blocking,esp32_dynamic_100x100_density20_i9,7829,1,0,OK,1,1452,1032,39318,165940,164780,46480,46480,0,none,none,52,48,0,160,v5.2.2,unavailable
esp32_20260808T132635Z_DStarLite_dynamic_100x100_density20_i0,DStarLite,initial,100,100,20,path_blocking,esp32_dynamic_100x100_density20_i9,7829,2,0,OK,1,1452,1000,845117,259428,164912,46480,46480,0,none,none,52,48,0,160,v5.2.2,unavailable
esp32_20260808T132635Z_DStarLite_dynamic_100x100_density20_i0,DStarLite,repair,100,100,20,path_blocking,esp32_dynamic_100x100_density20_i9,7829,2,0,OK,1,1452,1032,39319,165940,164780,46480,46480,0,none,none,52,48,0,160,v5.2.2,unavailable
esp32_20260808T132635Z_DStarLite_dynamic_500x500_density30_i0,DStarLite,initial_or_replan,500,500,30,path_blocking,esp32_dynamic_500x500_density30_i0,28030,0,0,OOM,0,-1,-1,-1,299384,299280,299280,299280,1000000,grid_allocation,bad_alloc_heap_callback,-1,-1,0,160,v5.2.2,unavailable
esp32_20260808T132635Z_DStarLite_dynamic_500x500_density30_i0,DStarLite,initial_or_replan,500,500,30,path_blocking,esp32_dynamic_500x500_density30_i0,28030,1,0,OOM,0,-1,-1,-1,299384,299280,299280,299280,1000000,grid_allocation,bad_alloc_heap_callback,-1,-1,0,160,v5.2.2,unavailable
esp32_20260808T132635Z_DStarLite_dynamic_500x500_density30_i0,DStarLite,initial_or_replan,500,500,30,path_blocking,esp32_dynamic_500x500_density30_i0,28030,2,0,OOM,0,-1,-1,-1,299384,299280,299280,299280,1000000,grid_allocation,bad_alloc_heap_callback,-1,-1,0,160,v5.2.2,unavailable
esp32_20260808T132635Z_DStarLite_dynamic_500x500_density30_i0,DStarLite,initial_or_replan,500,500,30,path_blocking,esp32_dynamic_500x500_density30_i1,28031,0,0,OOM,0,-1,-1,-1,299384,299280,299280,299280,1000000,grid_allocation,bad_alloc_heap_callback,-1,-1,0,160,v5.2.2,unavailable
esp32_20260808T132635Z_DStarLite_dynamic_500x500_density30_i0,DStarLite,initial_or_replan,500,500,30,path_blocking,esp32_dynamic_500x500_density30_i1,28031,1,0,OOM,0,-1,-1,-1,299384,299280,299280,299280,1000000,grid_allocation,bad_alloc_heap_callback,-1,-1,0,160,v5.2.2,unavailable
esp32_20260808T132635Z_DStarLite_dynamic_500x500_density30_i0,DStarLite,initial_or_replan,500,500,30,path_blocking,esp32_dynamic_500x500_density30_i1,28031,2,0,OOM,0,-1,-1,-1,299384,299280,299280,299280,1000000,grid_allocation,bad_alloc_heap_callback,-1,-1,0,160,v5.2.2,unavailable
esp32_20260808T132635Z_DStarLite_dynamic_500x500_density30_i0,DStarLite,initial_or_replan,500,500,30,path_blocking,esp32_dynamic_500x500_density30_i2,28032,0,0,OOM,0,-1,-1,-1,299384,299280,299280,299280,1000000,grid_allocation,bad_alloc_heap_callback,-1,-1,0,160,v5.2.2,unavailable
esp32_20260808T132635Z_DStarLite_dynamic_500x500_density30_i0,DStarLite,initial_or_replan,500,500,30,path_blocking,esp32_dynamic_500x500_density30_i2,28032,1,0,OOM,0,-1,-1,-1,299384,299280,299280,299280,1000000,grid_allocation,bad_alloc_heap_callback,-1,-1,0,160,v5.2.2,unavailable
esp32_20260808T132635Z_DStarLite_dynamic_500x500_density30_i0,DStarLite,initial_or_replan,500,500,30,path_blocking,esp32_dynamic_500x500_density30_i2,28032,2,0,OOM,0,-1,-1,-1,299384,299280,299280,299280,1000000,grid_allocation,bad_alloc_heap_callback,-1,-1,0,160,v5.2.2,unavailable
esp32_20260808T132635Z_DStarLite_dynamic_500x500_density30_i0,DStarLite,initial_or_replan,500,500,30,path_blocking,esp32_dynamic_500x500_density30_i3,28033,0,0,OOM,0,-1,-1,-1,299384,299280,299280,299280,1000000,grid_allocation,bad_alloc_heap_callback,-1,-1,0,160,v5.2.2,unavailable
esp32_20260808T132635Z_DStarLite_dynamic_500x500_density30_i0,DStarLite,initial_or_replan,500,500,30,path_blocking,esp32_dynamic_500x500_density30_i3,28033,1,0,OOM,0,-1,-1,-1,299384,299280,299280,299280,1000000,grid_allocation,bad_alloc_heap_callback,-1,-1,0,160,v5.2.2,unavailable
esp32_20260808T132635Z_DStarLite_dynamic_500x500_density30_i0,DStarLite,initial_or_replan,500,500,30,path_blocking,esp32_dynamic_500x500_density30_i3,28033,2,0,OOM,0,-1,-1,-1,299384,299280,299280,299280,1000000,grid_allocation,bad_alloc_heap_callback,-1,-1,0,160,v5.2.2,unavailable
esp32_20260808T132635Z_DStarLite_dynamic_500x500_density30_i0,DStarLite,initial_or_replan,500,500,30,path_blocking,esp32_dynamic_500x500_density30_i4,28034,0,0,OOM,0,-1,-1,-1,299384,299280,299280,299280,1000000,grid_allocation,bad_alloc_heap_callback,-1,-1,0,160,v5.2.2,unavailable
esp32_20260808T132635Z_DStarLite_dynamic_500x500_density30_i0,DStarLite,initial_or_replan,500,500,30,path_blocking,esp32_dynamic_500x500_density30_i4,28034,1,0,OOM,0,-1,-1,-1,299384,299280,299280,299280,1000000,grid_allocation,bad_alloc_heap_callback,-1,-1,0,160,v5.2.2,unavailable
esp32_20260808T132635Z_DStarLite_dynamic_500x500_density30_i0,DStarLite,initial_or_replan,500,500,30,path_blocking,esp32_dynamic_500x500_density30_i4,28034,2,0,OOM,0,-1,-1,-1,299384,299280,299280,299280,1000000,grid_allocation,bad_alloc_heap_callback,-1,-1,0,160,v5.2.2,unavailable
esp32_20260808T132635Z_DStarLite_dynamic_500x500_density30_i0,DStarLite,initial_or_replan,500,500,30,path_blocking,esp32_dynamic_500x500_density30_i5,28035,0,0,OOM,0,-1,-1,-1,299384,299280,299280,299280,1000000,grid_allocation,bad_alloc_heap_callback,-1,-1,0,160,v5.2.2,unavailable
esp32_20260808T132635Z_DStarLite_dynamic_500x500_density30_i0,DStarLite,initial_or_replan,500,500,30,path_blocking,esp32_dynamic_500x500_density30_i5,28035,1,0,OOM,0,-1,-1,-1,299384,299280,299280,299280,1000000,grid_allocation,bad_alloc_heap_callback,-1,-1,0,160,v5.2.2,unavailable
esp32_20260808T132635Z_DStarLite_dynamic_500x500_density30_i0,DStarLite,initial_or_replan,500,500,30,path_blocking,esp32_dynamic_500x500_density30_i5,28035,2,0,OOM,0,-1,-1,-1,299384,299280,299280,299280,1000000,grid_allocation,bad_alloc_heap_callback,-1,-1,0,160,v5.2.2,unavailable
esp32_20260808T132635Z_DStarLite_dynamic_500x500_density30_i0,DStarLite,initial_or_replan,500,500,30,path_blocking,esp32_dynamic_500x500_density30_i6,28036,0,0,OOM,0,-1,-1,-1,299384,299280,299280,299280,1000000,grid_allocation,bad_alloc_heap_callback,-1,-1,0,160,v5.2.2,unavailable
esp32_20260808T132635Z_DStarLite_dynamic_500x500_density30_i0,DStarLite,initial_or_replan,500,500,30,path_blocking,esp32_dynamic_500x500_density30_i6,28036,1,0,OOM,0,-1,-1,-1,299384,299280,299280,299280,1000000,grid_allocation,bad_alloc_heap_callback,-1,-1,0,160,v5.2.2,unavailable
esp32_20260808T132635Z_DStarLite_dynamic_500x500_density30_i0,DStarLite,initial_or_replan,500,500,30,path_blocking,esp32_dynamic_500x500_density30_i6,28036,2,0,OOM,0,-1,-1,-1,299384,299280,299280,299280,1000000,grid_allocation,bad_alloc_heap_callback,-1,-1,0,160,v5.2.2,unavailable
esp32_20260808T132635Z_DStarLite_dynamic_500x500_density30_i0,DStarLite,initial_or_replan,500,500,30,path_blocking,esp32_dynamic_500x500_density30_i7,28037,0,0,OOM,0,-1,-1,-1,299384,299280,299280,299280,1000000,grid_allocation,bad_alloc_heap_callback,-1,-1,0,160,v5.2.2,unavailable
esp32_20260808T132635Z_DStarLite_dynamic_500x500_density30_i0,DStarLite,initial_or_replan,500,500,30,path_blocking,esp32_dynamic_500x500_density30_i7,28037,1,0,OOM,0,-1,-1,-1,299384,299280,299280,299280,1000000,grid_allocation,bad_alloc_heap_callback,-1,-1,0,160,v5.2.2,unavailable
esp32_20260808T132635Z_DStarLite_dynamic_500x500_density30_i0,DStarLite,initial_or_replan,500,500,30,path_blocking,esp32_dynamic_500x500_density30_i7,28037,2,0,OOM,0,-1,-1,-1,299384,299280,299280,299280,1000000,grid_allocation,bad_alloc_heap_callback,-1,-1,0,160,v5.2.2,unavailable
esp32_20260808T132635Z_DStarLite_dynamic_500x500_density30_i0,DStarLite,initial_or_replan,500,500,30,path_blocking,esp32_dynamic_500x500_density30_i8,28038,0,0,OOM,0,-1,-1,-1,299384,299280,299280,299280,1000000,grid_allocation,bad_alloc_heap_callback,-1,-1,0,160,v5.2.2,unavailable
esp32_20260808T132635Z_DStarLite_dynamic_500x500_density30_i0,DStarLite,initial_or_replan,500,500,30,path_blocking,esp32_dynamic_500x500_density30_i8,28038,1,0,OOM,0,-1,-1,-1,299384,299280,299280,299280,1000000,grid_allocation,bad_alloc_heap_callback,-1,-1,0,160,v5.2.2,unavailable
esp32_20260808T132635Z_DStarLite_dynamic_500x500_density30_i0,DStarLite,initial_or_replan,500,500,30,path_blocking,esp32_dynamic_500x500_density30_i8,28038,2,0,OOM,0,-1,-1,-1,299384,299280,299280,299280,1000000,grid_allocation,bad_alloc_heap_callback,-1,-1,0,160,v5.2.2,unavailable
esp32_20260808T132635Z_DStarLite_dynamic_500x500_density30_i0,DStarLite,initial_or_replan,500,500,30,path_blocking,esp32_dynamic_500x500_density30_i9,28039,0,0,OOM,0,-1,-1,-1,299384,299280,299280,299280,1000000,grid_allocation,bad_alloc_heap_callback,-1,-1,0,160,v5.2.2,unavailable
esp32_20260808T132635Z_DStarLite_dynamic_500x500_density30_i0,DStarLite,initial_or_replan,500,500,30,path_blocking,esp32_dynamic_500x500_density30_i9,28039,1,0,OOM,0,-1,-1,-1,299384,299280,299280,299280,1000000,grid_allocation,bad_alloc_heap_callback,-1,-1,0,160,v5.2.2,unavailable
esp32_20260808T132635Z_DStarLite_dynamic_500x500_density30_i0,DStarLite,initial_or_replan,500,500,30,path_blocking,esp32_dynamic_500x500_density30_i9,28039,2,0,OOM,0,-1,-1,-1,299384,299280,299280,299280,1000000,grid_allocation,bad_alloc_heap_callback,-1,-1,0,160,v5.2.2,unavailable
